  0
SECTION
  2
HEADER
  9
$ACADVER
  1
AC1027
  9
$ACADMAINTVER
 70
   125
  9
$DWGCODEPAGE
  3
ANSI_936
  9
$LASTSAVEDBY
  1
curated
  9
$REQUIREDVERSIONS
160
                 0
  9
$INSBASE
 10
0.0
 20
0.0
 30
0.0
  9
$EXTMIN
 10
15.0
 20
5.0
 30
0.0
  9
$EXTMAX
 10
1184.0
 20
836.0
 30
0.0
  9
$LIMMIN
 10
0.0
 20
0.0
  9
$LIMMAX
 10
1189.0
 20
841.0
  9
$ORTHOMODE
 70
     0
  9
$REGENMODE
 70
     1
  9
$FILLMODE
 70
     1
  9
$QTEXTMODE
 70
     0
  9
$MIRRTEXT
 70
     1
  9
$LTSCALE
 40
1.0
  9
$ATTMODE
 70
     1
  9
$TEXTSIZE
 40
3.5
  9
$TRACEWID
 40
1.0
  9
$TEXTSTYLE
  7
Standard
  9
$CLAYER
  8
禁止区
  9
$CELTYPE
  6
ByLayer
  9
$CECOLOR
 62
   256
  9
$CELTSCALE
 40
1.0
  9
$DISPSILH
 70
     0
  9
$DIMSCALE
 40
1.0
  9
$DIMASZ
 40
3.556
  9
$DIMEXO
 40
1.0
  9
$DIMDLI
 40
3.75
  9
$DIMRND
 40
0.0
  9
$DIMDLE
 40
0.0
  9
$DIMEXE
 40
1.0
  9
$DIMTP
 40
0.0
  9
$DIMTM
 40
0.0
  9
$DIMTXT
 40
3.5
  9
$DIMCEN
 40
2.5
  9
$DIMTSZ
 40
0.0
  9
$DIMTOL
 70
     0
  9
$DIMLIM
 70
     0
  9
$DIMTIH
 70
     1
  9
$DIMTOH
 70
     1
  9
$DIMSE1
 70
     0
  9
$DIMSE2
 70
     0
  9
$DIMTAD
 70
     1
  9
$DIMZIN
 70
     1
  9
$DIMBLK
  1

  9
$DIMASO
 70
     1
  9
$DIMSHO
 70
     1
  9
$DIMPOST
  1

  9
$DIMAPOST
  1

  9
$DIMALT
 70
     0
  9
$DIMALTD
 70
     3
  9
$DIMALTF
 40
0.0393700787401575
  9
$DIMLFAC
 40
0.5
  9
$DIMTOFL
 70
     1
  9
$DIMTVP
 40
0.0
  9
$DIMTIX
 70
     0
  9
$DIMSOXD
 70
     0
  9
$DIMSAH
 70
     0
  9
$DIMBLK1
  1

  9
$DIMBLK2
  1

  9
$DIMSTYLE
  2
ISO-25
  9
$DIMCLRD
 70
     0
  9
$DIMCLRE
 70
     0
  9
$DIMCLRT
 70
     0
  9
$DIMTFAC
 40
1.0
  9
$DIMGAP
 40
1.524
  9
$DIMJUST
 70
     0
  9
$DIMSD1
 70
     0
  9
$DIMSD2
 70
     0
  9
$DIMTOLJ
 70
     0
  9
$DIMTZIN
 70
     1
  9
$DIMALTZ
 70
     0
  9
$DIMALTTZ
 70
     0
  9
$DIMUPT
 70
     0
  9
$DIMDEC
 70
     2
  9
$DIMTDEC
 70
     2
  9
$DIMALTU
 70
     2
  9
$DIMALTTD
 70
     3
  9
$DIMTXSTY
  7
Standard
  9
$DIMAUNIT
 70
     0
  9
$DIMADEC
 70
     2
  9
$DIMALTRND
 40
0.0
  9
$DIMAZIN
 70
     0
  9
$DIMDSEP
 70
    44
  9
$DIMATFIT
 70
     3
  9
$DIMFRAC
 70
     0
  9
$DIMLDRBLK
  1

  9
$DIMLUNIT
 70
     2
  9
$DIMLWD
 70
    -2
  9
$DIMLWE
 70
    -2
  9
$DIMTMOVE
 70
     0
  9
$DIMFXL
 40
1.0
  9
$DIMFXLON
 70
     0
  9
$DIMJOGANG
 40
0.7853981633974483
  9
$DIMTFILL
 70
     0
  9
$DIMTFILLCLR
 70
     0
  9
$DIMARCSYM
 70
     0
  9
$DIMLTYPE
  6

  9
$DIMLTEX1
  6

  9
$DIMLTEX2
  6

  9
$DIMTXTDIRECTION
 70
     0
  9
$LUNITS
 70
     2
  9
$LUPREC
 70
     2
  9
$SKETCHINC
 40
1.0
  9
$FILLETRAD
 40
0.0
  9
$AUNITS
 70
     0
  9
$AUPREC
 70
     2
  9
$MENU
  1
.
  9
$ELEVATION
 40
0.0
  9
$PELEVATION
 40
0.0
  9
$THICKNESS
 40
0.0
  9
$LIMCHECK
 70
     0
  9
$CHAMFERA
 40
0.0
  9
$CHAMFERB
 40
0.0
  9
$CHAMFERC
 40
0.0
  9
$CHAMFERD
 40
0.0
  9
$SKPOLY
 70
     0
  9
$TDCREATE
 40
2461074.851087963
  9
$TDUCREATE
 40
2461074.517759803
  9
$TDUPDATE
 40
2461075.786979167
  9
$TDUUPDATE
 40
2461075.453645833
  9
$TDINDWG
 40
0.9335879745
  9
$TDUSRTIMER
 40
0.9335879745
  9
$USRTIMER
 70
     1
  9
$ANGBASE
 50
0.0
  9
$ANGDIR
 70
     0
  9
$PDMODE
 70
     0
  9
$PDSIZE
 40
-1.0
  9
$PLINEWID
 40
0.0
  9
$SPLFRAME
 70
     0
  9
$SPLINETYPE
 70
     6
  9
$SPLINESEGS
 70
     8
  9
$HANDSEED
  5
6A8
  9
$SURFTAB1
 70
     6
  9
$SURFTAB2
 70
     6
  9
$SURFTYPE
 70
     6
  9
$SURFU
 70
     6
  9
$SURFV
 70
     6
  9
$UCSBASE
  2

  9
$UCSNAME
  2

  9
$UCSORG
 10
539.8530085653105
 20
439.7989109747789
 30
0.0
  9
$UCSXDIR
 10
1.0
 20
0.0
 30
0.0
  9
$UCSYDIR
 10
0.0
 20
1.0
 30
0.0
  9
$UCSORTHOREF
  2

  9
$UCSORTHOVIEW
 70
     0
  9
$UCSORGTOP
 10
0.0
 20
0.0
 30
0.0
  9
$UCSORGBOTTOM
 10
0.0
 20
0.0
 30
0.0
  9
$UCSORGLEFT
 10
0.0
 20
0.0
 30
0.0
  9
$UCSORGRIGHT
 10
0.0
 20
0.0
 30
0.0
  9
$UCSORGFRONT
 10
0.0
 20
0.0
 30
0.0
  9
$UCSORGBACK
 10
0.0
 20
0.0
 30
0.0
  9
$PUCSBASE
  2

  9
$PUCSNAME
  2

  9
$PUCSORG
 10
0.0
 20
0.0
 30
0.0
  9
$PUCSXDIR
 10
1.0
 20
0.0
 30
0.0
  9
$PUCSYDIR
 10
0.0
 20
1.0
 30
0.0
  9
$PUCSORTHOREF
  2

  9
$PUCSORTHOVIEW
 70
     0
  9
$PUCSORGTOP
 10
0.0
 20
0.0
 30
0.0
  9
$PUCSORGBOTTOM
 10
0.0
 20
0.0
 30
0.0
  9
$PUCSORGLEFT
 10
0.0
 20
0.0
 30
0.0
  9
$PUCSORGRIGHT
 10
0.0
 20
0.0
 30
0.0
  9
$PUCSORGFRONT
 10
0.0
 20
0.0
 30
0.0
  9
$PUCSORGBACK
 10
0.0
 20
0.0
 30
0.0
  9
$USERI1
 70
     0
  9
$USERI2
 70
     0
  9
$USERI3
 70
     0
  9
$USERI4
 70
     0
  9
$USERI5
 70
     0
  9
$USERR1
 40
0.0
  9
$USERR2
 40
0.0
  9
$USERR3
 40
0.0
  9
$USERR4
 40
0.0
  9
$USERR5
 40
0.0
  9
$WORLDVIEW
 70
     1
  9
$SHADEDGE
 70
     3
  9
$SHADEDIF
 70
    70
  9
$TILEMODE
 70
     1
  9
$MAXACTVP
 70
    64
  9
$PINSBASE
 10
0.0
 20
0.0
 30
0.0
  9
$PLIMCHECK
 70
     0
  9
$PEXTMIN
 10
1.000000000000000E+20
 20
1.000000000000000E+20
 30
1.000000000000000E+20
  9
$PEXTMAX
 10
-1.000000000000000E+20
 20
-1.000000000000000E+20
 30
-1.000000000000000E+20
  9
$PLIMMIN
 10
0.0
 20
0.0
  9
$PLIMMAX
 10
420.0
 20
297.0
  9
$UNITMODE
 70
     0
  9
$VISRETAIN
 70
     1
  9
$PLINEGEN
 70
     0
  9
$PSLTSCALE
 70
     1
  9
$TREEDEPTH
 70
  3020
  9
$CMLSTYLE
  2
Standard
  9
$CMLJUST
 70
     0
  9
$CMLSCALE
 40
20.0
  9
$PROXYGRAPHICS
 70
     1
  9
$MEASUREMENT
 70
     1
  9
$CELWEIGHT
370
    -1
  9
$ENDCAPS
280
     0
  9
$JOINSTYLE
280
     0
  9
$LWDISPLAY
290
     1
  9
$INSUNITS
 70
     4
  9
$HYPERLINKBASE
  1

  9
$STYLESHEET
  1

  9
$XEDIT
290
     1
  9
$CEPSNTYPE
380
     0
  9
$PSTYLEMODE
290
     1
  9
$FINGERPRINTGUID
  2
{f0429a31-9988-467a-b365-e4a2b6f96e70}
  9
$VERSIONGUID
  2
{3FB9DCDD-F486-614C-B0A7-A345571B9886}
  9
$EXTNAMES
290
     1
  9
$PSVPSCALE
 40
0.0
  9
$OLESTARTUP
290
     0
  9
$SORTENTS
280
   127
  9
$INDEXCTL
280
     0
  9
$HIDETEXT
280
     0
  9
$XCLIPFRAME
280
     2
  9
$HALOGAP
280
     0
  9
$OBSCOLOR
 70
   257
  9
$OBSLTYPE
280
     0
  9
$INTERSECTIONDISPLAY
280
     0
  9
$INTERSECTIONCOLOR
 70
   257
  9
$DIMASSOC
280
     1
  9
$PROJECTNAME
  1

  9
$CAMERADISPLAY
290
     0
  9
$LENSLENGTH
 40
50.0
  9
$CAMERAHEIGHT
 40
0.0
  9
$STEPSPERSEC
 40
2.0
  9
$STEPSIZE
 40
6.0
  9
$3DDWFPREC
 40
2.0
  9
$PSOLWIDTH
 40
0.25
  9
$PSOLHEIGHT
 40
4.0
  9
$LOFTANG1
 40
1.570796326794896
  9
$LOFTANG2
 40
1.570796326794896
  9
$LOFTMAG1
 40
0.0
  9
$LOFTMAG2
 40
0.0
  9
$LOFTPARAM
 70
     7
  9
$LOFTNORMALS
280
     1
  9
$LATITUDE
 40
37.795
  9
$LONGITUDE
 40
-122.394
  9
$NORTHDIRECTION
 40
0.0
  9
$TIMEZONE
 70
 -8000
  9
$LIGHTGLYPHDISPLAY
280
     1
  9
$TILEMODELIGHTSYNCH
280
     1
  9
$CMATERIAL
347
35E
  9
$SOLIDHIST
280
     0
  9
$SHOWHIST
280
     1
  9
$DWFFRAME
280
     2
  9
$DGNFRAME
280
     0
  9
$REALWORLDSCALE
290
     1
  9
$INTERFERECOLOR
 62
     1
  9
$INTERFEREOBJVS
345
380
  9
$INTERFEREVPVS
346
37D
  9
$CSHADOW
280
     0
  9
$SHADOWPLANELOCATION
 40
0.0
  0
ENDSEC
  0
SECTION
  2
CLASSES
  0
CLASS
  1
ACDBDICTIONARYWDFLT
  2
AcDbDictionaryWithDefault
  3
ObjectDBX Classes
 90
        0
 91
        1
280
     0
281
     0
  0
CLASS
  1
VISUALSTYLE
  2
AcDbVisualStyle
  3
ObjectDBX Classes
 90
     4095
 91
       24
280
     0
281
     0
  0
CLASS
  1
MATERIAL
  2
AcDbMaterial
  3
ObjectDBX Classes
 90
     1153
 91
        3
280
     0
281
     0
  0
CLASS
  1
SCALE
  2
AcDbScale
  3
ObjectDBX Classes
 90
     1153
 91
       17
280
     0
281
     0
  0
CLASS
  1
TABLESTYLE
  2
AcDbTableStyle
  3
ObjectDBX Classes
 90
     4095
 91
        1
280
     0
281
     0
  0
CLASS
  1
MLEADERSTYLE
  2
AcDbMLeaderStyle
  3
ACDB_MLEADERSTYLE_CLASS
 90
     4095
 91
        1
280
     0
281
     0
  0
CLASS
  1
SUN
  2
AcDbSun
  3
SCENEOE
 90
     1153
 91
        0
280
     0
281
     0
  0
CLASS
  1
ACDBSECTIONVIEWSTYLE
  2
AcDbSectionViewStyle
  3
ObjectDBX Classes
 90
     1025
 91
        1
280
     0
281
     0
  0
CLASS
  1
ACDBDETAILVIEWSTYLE
  2
AcDbDetailViewStyle
  3
ObjectDBX Classes
 90
     1025
 91
        1
280
     0
281
     0
  0
CLASS
  1
DICTIONARYVAR
  2
AcDbDictionaryVar
  3
ObjectDBX Classes
 90
        0
 91
        9
280
     0
281
     0
  0
CLASS
  1
SORTENTSTABLE
  2
AcDbSortentsTable
  3
ObjectDBX Classes
 90
        0
 91
        1
280
     0
281
     0
  0
CLASS
  1
CELLSTYLEMAP
  2
AcDbCellStyleMap
  3
ObjectDBX Classes
 90
     1152
 91
        1
280
     0
281
     0
  0
ENDSEC
  0
SECTION
  2
TABLES
  0
TABLE
  2
VPORT
  5
8
330
0
100
AcDbSymbolTable
 70
     1
1001
ACAD
1000
DbSaveVer
1071
      377
  0
VPORT
  5
29
330
8
100
AcDbSymbolTableRecord
100
AcDbViewportTableRecord
  2
*Active
 70
     0
 10
0.0
 20
0.0
 11
1.0
 21
1.0
 12
610.952820728152
 22
437.2667874114802
 13
0.0
 23
0.0
 14
10.0
 24
10.0
 15
10.0
 25
10.0
 16
0.0
 26
0.0
 36
1.0
 17
0.0
 27
0.0
 37
0.0
 40
276.9522979411326
 41
2.2
 42
50.0
 43
0.0
 44
0.0
 50
0.0
 51
0.0
 71
     0
 72
  2000
 73
     1
 74
     3
 75
     0
 76
     0
 77
     0
 78
     0
281
     0
 65
     1
110
539.8530085653105
120
439.7989109747789
130
0.0
111
1.0
121
0.0
131
0.0
112
0.0
122
1.0
132
0.0
 79
     0
146
0.0
348
37C
 60
     3
 61
     5
292
     1
282
     1
141
0.0
142
0.0
 63
   250
421
  3355443
1001
ACAD_NAV_VCDISPLAY
1070
     3
  0
ENDTAB
  0
TABLE
  2
LTYPE
  5
5
330
0
100
AcDbSymbolTable
 70
     6
  0
LTYPE
  5
14
330
5
100
AcDbSymbolTableRecord
100
AcDbLinetypeTableRecord
  2
ByBlock
 70
     0
  3

 72
    65
 73
     0
 40
0.0
  0
LTYPE
  5
15
330
5
100
AcDbSymbolTableRecord
100
AcDbLinetypeTableRecord
  2
ByLayer
 70
     0
  3

 72
    65
 73
     0
 40
0.0
  0
LTYPE
  5
16
330
5
100
AcDbSymbolTableRecord
100
AcDbLinetypeTableRecord
  2
Continuous
 70
     0
  3
Solid line
 72
    65
 73
     0
 40
0.0
  0
LTYPE
  5
5E
330
5
100
AcDbSymbolTableRecord
100
AcDbLinetypeTableRecord
  2
HIDDEN
 70
     0
  3
Hidden __ __ __ __ __ __ __ __ __ __ __ __ __ __
 72
    65
 73
     2
 40
1.905
 49
1.27
 74
     0
 49
-0.635
 74
     0
  0
LTYPE
  5
5F
330
5
100
AcDbSymbolTableRecord
100
AcDbLinetypeTableRecord
  2
PHANTOM
 70
     0
  3
Phantom ______  __  __  ______  __  __  ______
 72
    65
 73
     6
 40
12.7
 49
6.349999999999999
 74
     0
 49
-1.27
 74
     0
 49
1.27
 74
     0
 49
-1.27
 74
     0
 49
1.27
 74
     0
 49
-1.27
 74
     0
  0
LTYPE
  5
60
330
5
100
AcDbSymbolTableRecord
100
AcDbLinetypeTableRecord
  2
CENTER
 70
     0
  3
Center ____ _ ____ _ ____ _ ____ _ ____ _ ____
 72
    65
 73
     4
 40
10.16
 49
6.349999999999999
 74
     0
 49
-1.27
 74
     0
 49
1.27
 74
     0
 49
-1.27
 74
     0
  0
LTYPE
  5
61
330
5
100
AcDbSymbolTableRecord
100
AcDbLinetypeTableRecord
  2
CENTERX2
 70
     0
  3
Center (2x) ________  __  ________  __  _____
 72
    65
 73
     4
 40
20.32
 49
12.7
 74
     0
 49
-2.54
 74
     0
 49
2.54
 74
     0
 49
-2.54
 74
     0
  0
LTYPE
  5
62
330
5
100
AcDbSymbolTableRecord
100
AcDbLinetypeTableRecord
  2
DOT2
 70
     0
  3
Dot (.5x) ........................................
 72
    65
 73
     2
 40
0.635
 49
0.0
 74
     0
 49
-0.635
 74
     0
  0
ENDTAB
  0
TABLE
  2
LAYER
  5
2
102
{ACAD_XDICTIONARY
360
3B1
102
}
330
0
100
AcDbSymbolTable
 70
    12
  0
LAYER
  5
10
102
{ACAD_XDICTIONARY
360
3AA
102
}
330
2
100
AcDbSymbolTableRecord
100
AcDbLayerTableRecord
  2
0
 70
     0
 62
     7
  6
Continuous
370
    -3
390
F
347
36E
348
0
  0
LAYER
  5
63
102
{ACAD_XDICTIONARY
360
3AC
102
}
330
2
100
AcDbSymbolTableRecord
100
AcDbLayerTableRecord
  2
FORMAT
 70
     0
 62
     4
  6
Continuous
370
    -3
390
F
347
36E
348
0
  0
LAYER
  5
3C1
330
2
100
AcDbSymbolTableRecord
100
AcDbLayerTableRecord
  2
槽
 70
     0
 62
   180
  6
Continuous
370
    -3
390
F
347
36E
348
0
1001
AcAecLayerStandard
1000

1000

1001
AcCmTransparency
1071
        0
  0
LAYER
  5
3C4
330
2
100
AcDbSymbolTableRecord
100
AcDbLayerTableRecord
  2
孔
 70
     0
 62
    50
  6
Continuous
370
    -3
390
F
347
36E
348
0
1001
AcAecLayerStandard
1000

1000

1001
AcCmTransparency
1071
        0
  0
LAYER
  5
3C5
330
2
100
AcDbSymbolTableRecord
100
AcDbLayerTableRecord
  2
安装槽
 70
     0
 62
    40
  6
Continuous
370
    -3
390
F
347
36E
348
0
1001
AcAecLayerStandard
1000

1000

1001
AcCmTransparency
1071
        0
  0
LAYER
  5
3C6
330
2
100
AcDbSymbolTableRecord
100
AcDbLayerTableRecord
  2
框
 70
     0
 62
    30
  6
Continuous
370
    -3
390
F
347
36E
348
0
1001
AcAecLayerStandard
1000

1000

1001
AcCmTransparency
1071
        0
  0
LAYER
  5
3C7
330
2
100
AcDbSymbolTableRecord
100
AcDbLayerTableRecord
  2
功能孔
 70
     0
 62
    60
  6
Continuous
370
    -3
390
F
347
36E
348
0
1001
AcAecLayerStandard
1000

1000

1001
AcCmTransparency
1071
        0
  0
LAYER
  5
3EA
330
2
100
AcDbSymbolTableRecord
100
AcDbLayerTableRecord
  2
禁止区
 70
     0
 62
     1
  6
Continuous
370
    -3
390
F
347
36E
348
0
1001
AcAecLayerStandard
1000

1000

1001
AcCmTransparency
1071
        0
  0
LAYER
  5
3EB
330
2
100
AcDbSymbolTableRecord
100
AcDbLayerTableRecord
  2
限高区
 70
     0
 62
    12
  6
Continuous
370
    -3
390
F
347
36E
348
0
1001
AcAecLayerStandard
1000

1000

1001
AcCmTransparency
1071
        0
  0
LAYER
  5
3FE
330
2
100
AcDbSymbolTableRecord
100
AcDbLayerTableRecord
  2
Defpoints
 70
     0
 62
     7
  6
Continuous
290
     0
370
    -3
390
F
347
36E
348
0
  0
LAYER
  5
40B
330
2
100
AcDbSymbolTableRecord
100
AcDbLayerTableRecord
  2
标注
 70
     0
 62
     8
  6
Continuous
370
    -3
390
F
347
36E
348
0
1001
AcAecLayerStandard
1000

1000

1001
AcCmTransparency
1071
        0
  0
LAYER
  5
5CE
330
2
100
AcDbSymbolTableRecord
100
AcDbLayerTableRecord
  2
功能孔FORMAT
 70
     0
 62
     4
  6
Continuous
370
    -3
390
F
347
36E
348
0
1001
AcAecLayerStandard
1000

1000

1001
AcCmTransparency
1071
        0
  0
ENDTAB
  0
TABLE
  2
STYLE
  5
3
330
0
100
AcDbSymbolTable
 70
     5
  0
STYLE
  5
11
330
3
100
AcDbSymbolTableRecord
100
AcDbTextStyleTableRecord
  2
Standard
 70
     0
 40
0.0
 41
1.0
 50
0.0
 71
     0
 42
3.5
  3
txt
  4

  0
STYLE
  5
D5
330
3
100
AcDbSymbolTableRecord
100
AcDbTextStyleTableRecord
  2
SLDTEXTSTYLE0
 70
     0
 40
0.0
 41
0.75
 50
0.0
 71
     0
 42
3.5
  3
TXT
  4

  0
STYLE
  5
126
330
3
100
AcDbSymbolTableRecord
100
AcDbTextStyleTableRecord
  2
SLDTEXTSTYLE1
 70
     0
 40
0.0
 41
0.6864493305940874
 50
0.0
 71
     0
 42
3.5
  3
TXT
  4

  0
STYLE
  5
147
330
3
100
AcDbSymbolTableRecord
100
AcDbTextStyleTableRecord
  2
SLDTEXTSTYLE2
 70
     0
 40
0.0
 41
0.6875
 50
0.0
 71
     0
 42
3.5
  3
TXT
  4

  0
STYLE
  5
14C
330
3
100
AcDbSymbolTableRecord
100
AcDbTextStyleTableRecord
  2
SLDTEXTSTYLE3
 70
     0
 40
0.0
 41
0.75
 50
0.0
 71
     0
 42
3.5
  3
TXT
  4
bigfont
  0
ENDTAB
  0
TABLE
  2
VIEW
  5
6
330
0
100
AcDbSymbolTable
 70
     0
  0
ENDTAB
  0
TABLE
  2
UCS
  5
7
330
0
100
AcDbSymbolTable
 70
     0
  0
ENDTAB
  0
TABLE
  2
APPID
  5
9
330
0
100
AcDbSymbolTable
 70
     7
  0
APPID
  5
12
330
9
100
AcDbSymbolTableRecord
100
AcDbRegAppTableRecord
  2
ACAD
 70
     0
  0
APPID
  5
39E
330
9
100
AcDbSymbolTableRecord
100
AcDbRegAppTableRecord
  2
ACAD_NAV_VCDISPLAY
 70
     0
  0
APPID
  5
3C2
330
9
100
AcDbSymbolTableRecord
100
AcDbRegAppTableRecord
  2
AcAecLayerStandard
 70
     0
  0
APPID
  5
3C3
330
9
100
AcDbSymbolTableRecord
100
AcDbRegAppTableRecord
  2
AcCmTransparency
 70
     0
  0
APPID
  5
5AA
330
9
100
AcDbSymbolTableRecord
100
AcDbRegAppTableRecord
  2
ACAD_EXEMPT_FROM_CAD_STANDARDS
 70
     0
  0
APPID
  5
5BF
330
9
100
AcDbSymbolTableRecord
100
AcDbRegAppTableRecord
  2
Acad_TC
 70
     0
  0
APPID
  5
5C0
330
9
100
AcDbSymbolTableRecord
100
AcDbRegAppTableRecord
  2
ACAD_DSTYLE_DIMRADIAL_EXTENSION
 70
     0
  0
ENDTAB
  0
TABLE
  2
DIMSTYLE
  5
A
330
0
100
AcDbSymbolTable
 70
     1
100
AcDbDimStyleTable
 71
     1
340
27
  0
DIMSTYLE
105
27
102
{ACAD_REACTORS
330
5DC
102
}
330
A
100
AcDbSymbolTableRecord
100
AcDbDimStyleTableRecord
  2
ISO-25
 70
     0
 41
2.5
 42
0.625
 43
3.75
 44
1.25
 73
     0
 74
     0
 77
     1
 78
     8
140
2.5
141
2.5
143
0.03937007874016
147
0.625
171
     3
172
     1
271
     2
272
     2
274
     3
278
    44
283
     0
284
     8
340
11
  0
ENDTAB
  0
TABLE
  2
BLOCK_RECORD
  5
1
330
0
100
AcDbSymbolTable
 70
    33
  0
BLOCK_RECORD
  5
1F
102
{ACAD_XDICTIONARY
360
669
102
}
330
1
100
AcDbSymbolTableRecord
100
AcDbBlockTableRecord
  2
*Model_Space
340
22
 70
     0
280
     1
281
     0
  0
BLOCK_RECORD
  5
1B
330
1
100
AcDbSymbolTableRecord
100
AcDbBlockTableRecord
  2
*Paper_Space
340
1E
 70
     0
280
     1
281
     0
  0
BLOCK_RECORD
  5
23
330
1
100
AcDbSymbolTableRecord
100
AcDbBlockTableRecord
  2
*Paper_Space0
340
26
 70
     0
280
     1
281
     0
  0
BLOCK_RECORD
  5
12C
330
1
100
AcDbSymbolTableRecord
100
AcDbBlockTableRecord
  2
SW_NOTE_0
340
0
102
{BLKREFS
331
135
102
}
 70
     0
280
     1
281
     0
  0
BLOCK_RECORD
  5
137
330
1
100
AcDbSymbolTableRecord
100
AcDbBlockTableRecord
  2
SW_NOTE_0_1
340
0
102
{BLKREFS
331
13D
102
}
 70
     0
280
     1
281
     0
  0
BLOCK_RECORD
  5
22F
330
1
100
AcDbSymbolTableRecord
100
AcDbBlockTableRecord
  2
SW_CENTERMARKSYMBOL_0
340
0
102
{BLKREFS
331
23A
102
}
 70
     0
280
     1
281
     0
  0
BLOCK_RECORD
  5
23B
330
1
100
AcDbSymbolTableRecord
100
AcDbBlockTableRecord
  2
SW_CENTERMARKSYMBOL_1
340
0
102
{BLKREFS
331
246
102
}
 70
     0
280
     1
281
     0
  0
BLOCK_RECORD
  5
247
330
1
100
AcDbSymbolTableRecord
100
AcDbBlockTableRecord
  2
SW_CENTERMARKSYMBOL_2
340
0
102
{BLKREFS
331
252
102
}
 70
     0
280
     1
281
     0
  0
BLOCK_RECORD
  5
253
330
1
100
AcDbSymbolTableRecord
100
AcDbBlockTableRecord
  2
SW_CENTERMARKSYMBOL_3
340
0
102
{BLKREFS
331
25E
102
}
 70
     0
280
     1
281
     0
  0
BLOCK_RECORD
  5
25F
330
1
100
AcDbSymbolTableRecord
100
AcDbBlockTableRecord
  2
SW_CENTERMARKSYMBOL_4
340
0
102
{BLKREFS
331
26A
102
}
 70
     0
280
     1
281
     0
  0
BLOCK_RECORD
  5
26B
330
1
100
AcDbSymbolTableRecord
100
AcDbBlockTableRecord
  2
SW_CENTERMARKSYMBOL_5
340
0
102
{BLKREFS
331
276
102
}
 70
     0
280
     1
281
     0
  0
BLOCK_RECORD
  5
277
330
1
100
AcDbSymbolTableRecord
100
AcDbBlockTableRecord
  2
SW_CENTERMARKSYMBOL_6
340
0
102
{BLKREFS
331
282
102
}
 70
     0
280
     1
281
     0
  0
BLOCK_RECORD
  5
283
330
1
100
AcDbSymbolTableRecord
100
AcDbBlockTableRecord
  2
SW_CENTERMARKSYMBOL_7
340
0
102
{BLKREFS
331
28E
102
}
 70
     0
280
     1
281
     0
  0
BLOCK_RECORD
  5
28F
330
1
100
AcDbSymbolTableRecord
100
AcDbBlockTableRecord
  2
SW_CENTERMARKSYMBOL_8
340
0
102
{BLKREFS
331
29A
102
}
 70
     0
280
     1
281
     0
  0
BLOCK_RECORD
  5
29B
330
1
100
AcDbSymbolTableRecord
100
AcDbBlockTableRecord
  2
SW_CENTERMARKSYMBOL_9
340
0
102
{BLKREFS
331
2A6
102
}
 70
     0
280
     1
281
     0
  0
BLOCK_RECORD
  5
2A7
330
1
100
AcDbSymbolTableRecord
100
AcDbBlockTableRecord
  2
SW_CENTERMARKSYMBOL_10
340
0
102
{BLKREFS
331
2B2
102
}
 70
     0
280
     1
281
     0
  0
BLOCK_RECORD
  5
2B3
330
1
100
AcDbSymbolTableRecord
100
AcDbBlockTableRecord
  2
SW_CENTERMARKSYMBOL_11
340
0
102
{BLKREFS
331
2BE
102
}
 70
     0
280
     1
281
     0
  0
BLOCK_RECORD
  5
2BF
330
1
100
AcDbSymbolTableRecord
100
AcDbBlockTableRecord
  2
SW_CENTERMARKSYMBOL_12
340
0
102
{BLKREFS
331
2CA
102
}
 70
     0
280
     1
281
     0
  0
BLOCK_RECORD
  5
2CB
330
1
100
AcDbSymbolTableRecord
100
AcDbBlockTableRecord
  2
SW_CENTERMARKSYMBOL_13
340
0
102
{BLKREFS
331
2D6
102
}
 70
     0
280
     1
281
     0
  0
BLOCK_RECORD
  5
2D7
330
1
100
AcDbSymbolTableRecord
100
AcDbBlockTableRecord
  2
SW_CENTERMARKSYMBOL_14
340
0
102
{BLKREFS
331
2E2
102
}
 70
     0
280
     1
281
     0
  0
BLOCK_RECORD
  5
2E3
330
1
100
AcDbSymbolTableRecord
100
AcDbBlockTableRecord
  2
SW_CENTERMARKSYMBOL_15
340
0
102
{BLKREFS
331
2EE
102
}
 70
     0
280
     1
281
     0
  0
BLOCK_RECORD
  5
2EF
330
1
100
AcDbSymbolTableRecord
100
AcDbBlockTableRecord
  2
SW_CENTERMARKSYMBOL_16
340
0
102
{BLKREFS
331
2FA
102
}
 70
     0
280
     1
281
     0
  0
BLOCK_RECORD
  5
2FB
330
1
100
AcDbSymbolTableRecord
100
AcDbBlockTableRecord
  2
SW_CENTERMARKSYMBOL_17
340
0
102
{BLKREFS
331
306
102
}
 70
     0
280
     1
281
     0
  0
BLOCK_RECORD
  5
307
330
1
100
AcDbSymbolTableRecord
100
AcDbBlockTableRecord
  2
SW_CENTERMARKSYMBOL_18
340
0
102
{BLKREFS
331
312
102
}
 70
     0
280
     1
281
     0
  0
BLOCK_RECORD
  5
313
330
1
100
AcDbSymbolTableRecord
100
AcDbBlockTableRecord
  2
SW_CENTERMARKSYMBOL_19
340
0
102
{BLKREFS
331
31E
102
}
 70
     0
280
     1
281
     0
  0
BLOCK_RECORD
  5
31F
330
1
100
AcDbSymbolTableRecord
100
AcDbBlockTableRecord
  2
SW_CENTERMARKSYMBOL_20
340
0
102
{BLKREFS
331
32A
102
}
 70
     0
280
     1
281
     0
  0
BLOCK_RECORD
  5
32B
330
1
100
AcDbSymbolTableRecord
100
AcDbBlockTableRecord
  2
SW_CENTERMARKSYMBOL_21
340
0
102
{BLKREFS
331
336
102
}
 70
     0
280
     1
281
     0
  0
BLOCK_RECORD
  5
337
330
1
100
AcDbSymbolTableRecord
100
AcDbBlockTableRecord
  2
SW_CENTERMARKSYMBOL_22
340
0
102
{BLKREFS
331
342
102
}
 70
     0
280
     1
281
     0
  0
BLOCK_RECORD
  5
343
330
1
100
AcDbSymbolTableRecord
100
AcDbBlockTableRecord
  2
SW_CENTERMARKSYMBOL_23
340
0
102
{BLKREFS
331
34E
102
}
 70
     0
280
     1
281
     0
  0
BLOCK_RECORD
  5
34F
330
1
100
AcDbSymbolTableRecord
100
AcDbBlockTableRecord
  2
SW_CENTERMARKSYMBOL_24
340
0
102
{BLKREFS
331
35A
102
}
 70
     0
280
     1
281
     0
  0
BLOCK_RECORD
  5
5DD
330
1
100
AcDbSymbolTableRecord
100
AcDbBlockTableRecord
  2
*D32
340
0
 70
     0
280
     1
281
     0
  0
ENDTAB
  0
ENDSEC
  0
SECTION
  2
BLOCKS
  0
BLOCK
  5
20
330
1F
100
AcDbEntity
  8
0
100
AcDbBlockBegin
  2
*Model_Space
 70
     0
 10
0.0
 20
0.0
 30
0.0
  3
*Model_Space
  1

  0
ENDBLK
  5
21
330
1F
100
AcDbEntity
  8
0
100
AcDbBlockEnd
  0
BLOCK
  5
1C
330
1B
100
AcDbEntity
 67
     1
  8
0
100
AcDbBlockBegin
  2
*Paper_Space
 70
     0
 10
0.0
 20
0.0
 30
0.0
  3
*Paper_Space
  1

  0
ENDBLK
  5
1D
330
1B
100
AcDbEntity
 67
     1
  8
0
100
AcDbBlockEnd
  0
BLOCK
  5
24
330
23
100
AcDbEntity
 67
     1
  8
0
100
AcDbBlockBegin
  2
*Paper_Space0
 70
     0
 10
0.0
 20
0.0
 30
0.0
  3
*Paper_Space0
  1

  0
ENDBLK
  5
25
330
23
100
AcDbEntity
 67
     1
  8
0
100
AcDbBlockEnd
  0
BLOCK
  5
12D
330
12C
100
AcDbEntity
  8
0
100
AcDbBlockBegin
  2
SW_NOTE_0
 70
     0
 10
0.0
 20
0.0
 30
0.0
  3
SW_NOTE_0
  1

  0
MTEXT
  5
12F
330
12C
100
AcDbEntity
  8
0
  6
Continuous
 62
     0
370
     0
100
AcDbMText
 10
0.0
 20
1.933601609657942
 30
0.0
 40
1.5
 41
0.0
 46
0.0
 71
     1
 72
     1
  1
UNLESS OTHERWISE SPECIFIED:
  7
SLDTEXTSTYLE0
 73
     1
 44
1.0
  0
MTEXT
  5
130
330
12C
100
AcDbEntity
  8
0
  6
Continuous
 62
     0
370
     0
100
AcDbMText
 10
0.0
 20
-0.5663983344626964
 30
0.0
 40
1.5
 41
0.0
 46
0.0
 71
     1
 72
     1
  1
DIMENSIONS ARE IN MILLIMETERS
  7
SLDTEXTSTYLE0
 73
     1
 44
1.0
  0
MTEXT
  5
131
330
12C
100
AcDbEntity
  8
0
  6
Continuous
 62
     0
370
     0
100
AcDbMText
 10
0.0
 20
-3.066398278583341
 30
0.0
 40
1.5
 41
0.0
 46
0.0
 71
     1
 72
     1
  1
SURFACE FINISH:
  7
SLDTEXTSTYLE0
 73
     1
 44
1.0
  0
MTEXT
  5
132
330
12C
100
AcDbEntity
  8
0
  6
Continuous
 62
     0
370
     0
100
AcDbMText
 10
0.0
 20
-5.566398222703987
 30
0.0
 40
1.5
 41
0.0
 46
0.0
 71
     1
 72
     1
  1
TOLERANCES:
  7
SLDTEXTSTYLE0
 73
     1
 44
1.0
  0
MTEXT
  5
133
330
12C
100
AcDbEntity
  8
0
  6
Continuous
 62
     0
370
     0
100
AcDbMText
 10
1.687500000000063
 20
-8.066398166824633
 30
0.0
 40
1.5
 41
0.0
 46
0.0
 71
     1
 72
     1
  1
LINEAR:
  7
SLDTEXTSTYLE0
 73
     1
 44
1.0
  0
MTEXT
  5
134
330
12C
100
AcDbEntity
  8
0
  6
Continuous
 62
     0
370
     0
100
AcDbMText
 10
1.687500000000063
 20
-10.56639811094528
 30
0.0
 40
1.5
 41
0.0
 46
0.0
 71
     1
 72
     1
  1
ANGULAR:
  7
SLDTEXTSTYLE0
 73
     1
 44
1.0
  0
ENDBLK
  5
12E
330
12C
100
AcDbEntity
  8
0
100
AcDbBlockEnd
  0
BLOCK
  5
138
330
137
100
AcDbEntity
  8
0
100
AcDbBlockBegin
  2
SW_NOTE_0_1
 70
     0
 10
0.0
 20
0.0
 30
0.0
  3
SW_NOTE_0_1
  1

  0
MTEXT
  5
13A
330
137
100
AcDbEntity
  8
0
  6
Continuous
 62
     0
370
     0
100
AcDbMText
 10
0.0
 20
1.933601609657942
 30
0.0
 40
1.5
 41
0.0
 46
0.0
 71
     1
 72
     1
  1
DEBURR AND
  7
SLDTEXTSTYLE0
 73
     1
 44
1.0
  0
MTEXT
  5
13B
330
137
100
AcDbEntity
  8
0
  6
Continuous
 62
     0
370
     0
100
AcDbMText
 10
0.0
 20
-0.5663983344626964
 30
0.0
 40
1.5
 41
0.0
 46
0.0
 71
     1
 72
     1
  1
BREAK SHARP
  7
SLDTEXTSTYLE0
 73
     1
 44
1.0
  0
MTEXT
  5
13C
330
137
100
AcDbEntity
  8
0
  6
Continuous
 62
     0
370
     0
100
AcDbMText
 10
0.0
 20
-3.066398278583341
 30
0.0
 40
1.5
 41
0.0
 46
0.0
 71
     1
 72
     1
  1
EDGES
  7
SLDTEXTSTYLE0
 73
     1
 44
1.0
  0
ENDBLK
  5
139
330
137
100
AcDbEntity
  8
0
100
AcDbBlockEnd
  0
BLOCK
  5
230
330
22F
100
AcDbEntity
  8
0
100
AcDbBlockBegin
  2
SW_CENTERMARKSYMBOL_0
 70
     0
 10
0.0
 20
0.0
 30
0.0
  3
SW_CENTERMARKSYMBOL_0
  1

  0
LINE
  5
232
330
22F
100
AcDbEntity
  8
0
  6
Continuous
 62
     0
370
    18
100
AcDbLine
 10
0.0
 20
0.0
 30
0.0
 11
0.0
 21
5.000000000000004
 31
0.0
  0
LINE
  5
233
330
22F
100
AcDbEntity
  8
0
  6
Continuous
 62
     0
370
    18
100
AcDbLine
 10
0.0
 20
0.0
 30
0.0
 11
-5.000000000000004
 21
0.0
 31
0.0
  0
LINE
  5
234
330
22F
100
AcDbEntity
  8
0
  6
Continuous
 62
     0
370
    18
100
AcDbLine
 10
0.0
 20
0.0
 30
0.0
 11
0.0
 21
-5.000000000000004
 31
0.0
  0
LINE
  5
235
330
22F
100
AcDbEntity
  8
0
  6
Continuous
 62
     0
370
    18
100
AcDbLine
 10
0.0
 20
0.0
 30
0.0
 11
5.000000000000004
 21
0.0
 31
0.0
  0
LINE
  5
236
330
22F
100
AcDbEntity
  8
0
  6
Continuous
 62
     0
370
    18
100
AcDbLine
 10
0.0
 20
10.00000000000001
 30
0.0
 11
0.0
 21
25.50000000000002
 31
0.0
  0
LINE
  5
237
330
22F
100
AcDbEntity
  8
0
  6
Continuous
 62
     0
370
    18
100
AcDbLine
 10
-10.00000000000001
 20
0.0
 30
0.0
 11
-25.49999999999997
 21
0.0
 31
0.0
  0
LINE
  5
238
330
22F
100
AcDbEntity
  8
0
  6
Continuous
 62
     0
370
    18
100
AcDbLine
 10
0.0
 20
-10.00000000000001
 30
0.0
 11
0.0
 21
-25.49999999999997
 31
0.0
  0
LINE
  5
239
330
22F
100
AcDbEntity
  8
0
  6
Continuous
 62
     0
370
    18
100
AcDbLine
 10
10.00000000000001
 20
0.0
 30
0.0
 11
25.49999999999997
 21
0.0
 31
0.0
  0
ENDBLK
  5
231
330
22F
100
AcDbEntity
  8
0
100
AcDbBlockEnd
  0
BLOCK
  5
23C
330
23B
100
AcDbEntity
  8
0
100
AcDbBlockBegin
  2
SW_CENTERMARKSYMBOL_1
 70
     0
 10
0.0
 20
0.0
 30
0.0
  3
SW_CENTERMARKSYMBOL_1
  1

  0
LINE
  5
23E
330
23B
100
AcDbEntity
  8
0
  6
Continuous
 62
     0
370
    18
100
AcDbLine
 10
0.0
 20
0.0
 30
0.0
 11
0.0
 21
5.000000000000004
 31
0.0
  0
LINE
  5
23F
330
23B
100
AcDbEntity
  8
0
  6
Continuous
 62
     0
370
    18
100
AcDbLine
 10
0.0
 20
0.0
 30
0.0
 11
-5.000000000000004
 21
0.0
 31
0.0
  0
LINE
  5
240
330
23B
100
AcDbEntity
  8
0
  6
Continuous
 62
     0
370
    18
100
AcDbLine
 10
0.0
 20
0.0
 30
0.0
 11
0.0
 21
-5.000000000000004
 31
0.0
  0
LINE
  5
241
330
23B
100
AcDbEntity
  8
0
  6
Continuous
 62
     0
370
    18
100
AcDbLine
 10
0.0
 20
0.0
 30
0.0
 11
5.000000000000004
 21
0.0
 31
0.0
  0
LINE
  5
242
330
23B
100
AcDbEntity
  8
0
  6
Continuous
 62
     0
370
    18
100
AcDbLine
 10
0.0
 20
5.000000000000004
 30
0.0
 11
0.0
 21
7.000000000000006
 31
0.0
  0
LINE
  5
243
330
23B
100
AcDbEntity
  8
0
  6
Continuous
 62
     0
370
    18
100
AcDbLine
 10
-5.000000000000004
 20
0.0
 30
0.0
 11
-7.000000000000006
 21
0.0
 31
0.0
  0
LINE
  5
244
330
23B
100
AcDbEntity
  8
0
  6
Continuous
 62
     0
370
    18
100
AcDbLine
 10
0.0
 20
-5.000000000000004
 30
0.0
 11
0.0
 21
-7.000000000000062
 31
0.0
  0
LINE
  5
245
330
23B
100
AcDbEntity
  8
0
  6
Continuous
 62
     0
370
    18
100
AcDbLine
 10
5.000000000000004
 20
0.0
 30
0.0
 11
7.000000000000006
 21
0.0
 31
0.0
  0
ENDBLK
  5
23D
330
23B
100
AcDbEntity
  8
0
100
AcDbBlockEnd
  0
BLOCK
  5
248
330
247
100
AcDbEntity
  8
0
100
AcDbBlockBegin
  2
SW_CENTERMARKSYMBOL_2
 70
     0
 10
0.0
 20
0.0
 30
0.0
  3
SW_CENTERMARKSYMBOL_2
  1

  0
LINE
  5
24A
330
247
100
AcDbEntity
  8
0
  6
Continuous
 62
     0
370
    18
100
AcDbLine
 10
0.0
 20
0.0
 30
0.0
 11
0.0
 21
5.000000000000004
 31
0.0
  0
LINE
  5
24B
330
247
100
AcDbEntity
  8
0
  6
Continuous
 62
     0
370
    18
100
AcDbLine
 10
0.0
 20
0.0
 30
0.0
 11
-5.000000000000004
 21
0.0
 31
0.0
  0
LINE
  5
24C
330
247
100
AcDbEntity
  8
0
  6
Continuous
 62
     0
370
    18
100
AcDbLine
 10
0.0
 20
0.0
 30
0.0
 11
0.0
 21
-4.999999999999948
 31
0.0
  0
LINE
  5
24D
330
247
100
AcDbEntity
  8
0
  6
Continuous
 62
     0
370
    18
100
AcDbLine
 10
0.0
 20
0.0
 30
0.0
 11
5.000000000000004
 21
0.0
 31
0.0
  0
LINE
  5
24E
330
247
100
AcDbEntity
  8
0
  6
Continuous
 62
     0
370
    18
100
AcDbLine
 10
0.0
 20
5.000000000000004
 30
0.0
 11
0.0
 21
7.000000000000006
 31
0.0
  0
LINE
  5
24F
330
247
100
AcDbEntity
  8
0
  6
Continuous
 62
     0
370
    18
100
AcDbLine
 10
-5.000000000000004
 20
0.0
 30
0.0
 11
-7.000000000000006
 21
0.0
 31
0.0
  0
LINE
  5
250
330
247
100
AcDbEntity
  8
0
  6
Continuous
 62
     0
370
    18
100
AcDbLine
 10
0.0
 20
-4.999999999999948
 30
0.0
 11
0.0
 21
-6.99999999999995
 31
0.0
  0
LINE
  5
251
330
247
100
AcDbEntity
  8
0
  6
Continuous
 62
     0
370
    18
100
AcDbLine
 10
5.000000000000004
 20
0.0
 30
0.0
 11
7.000000000000006
 21
0.0
 31
0.0
  0
ENDBLK
  5
249
330
247
100
AcDbEntity
  8
0
100
AcDbBlockEnd
  0
BLOCK
  5
254
330
253
100
AcDbEntity
  8
0
100
AcDbBlockBegin
  2
SW_CENTERMARKSYMBOL_3
 70
     0
 10
0.0
 20
0.0
 30
0.0
  3
SW_CENTERMARKSYMBOL_3
  1

  0
LINE
  5
256
330
253
100
AcDbEntity
  8
0
  6
Continuous
 62
     0
370
    18
100
AcDbLine
 10
0.0
 20
0.0
 30
0.0
 11
0.0
 21
5.000000000000004
 31
0.0
  0
LINE
  5
257
330
253
100
AcDbEntity
  8
0
  6
Continuous
 62
     0
370
    18
100
AcDbLine
 10
0.0
 20
0.0
 30
0.0
 11
-5.000000000000004
 21
0.0
 31
0.0
  0
LINE
  5
258
330
253
100
AcDbEntity
  8
0
  6
Continuous
 62
     0
370
    18
100
AcDbLine
 10
0.0
 20
0.0
 30
0.0
 11
0.0
 21
-5.000000000000004
 31
0.0
  0
LINE
  5
259
330
253
100
AcDbEntity
  8
0
  6
Continuous
 62
     0
370
    18
100
AcDbLine
 10
0.0
 20
0.0
 30
0.0
 11
5.000000000000004
 21
0.0
 31
0.0
  0
LINE
  5
25A
330
253
100
AcDbEntity
  8
0
  6
Continuous
 62
     0
370
    18
100
AcDbLine
 10
0.0
 20
5.000000000000004
 30
0.0
 11
0.0
 21
7.000000000000006
 31
0.0
  0
LINE
  5
25B
330
253
100
AcDbEntity
  8
0
  6
Continuous
 62
     0
370
    18
100
AcDbLine
 10
-5.000000000000004
 20
0.0
 30
0.0
 11
-7.000000000000006
 21
0.0
 31
0.0
  0
LINE
  5
25C
330
253
100
AcDbEntity
  8
0
  6
Continuous
 62
     0
370
    18
100
AcDbLine
 10
0.0
 20
-5.000000000000004
 30
0.0
 11
0.0
 21
-6.99999999999995
 31
0.0
  0
LINE
  5
25D
330
253
100
AcDbEntity
  8
0
  6
Continuous
 62
     0
370
    18
100
AcDbLine
 10
5.000000000000004
 20
0.0
 30
0.0
 11
7.000000000000006
 21
0.0
 31
0.0
  0
ENDBLK
  5
255
330
253
100
AcDbEntity
  8
0
100
AcDbBlockEnd
  0
BLOCK
  5
260
330
25F
100
AcDbEntity
  8
0
100
AcDbBlockBegin
  2
SW_CENTERMARKSYMBOL_4
 70
     0
 10
0.0
 20
0.0
 30
0.0
  3
SW_CENTERMARKSYMBOL_4
  1

  0
LINE
  5
262
330
25F
100
AcDbEntity
  8
0
  6
Continuous
 62
     0
370
    18
100
AcDbLine
 10
0.0
 20
0.0
 30
0.0
 11
0.0
 21
4.999999999999948
 31
0.0
  0
LINE
  5
263
330
25F
100
AcDbEntity
  8
0
  6
Continuous
 62
     0
370
    18
100
AcDbLine
 10
0.0
 20
0.0
 30
0.0
 11
-5.000000000000004
 21
0.0
 31
0.0
  0
LINE
  5
264
330
25F
100
AcDbEntity
  8
0
  6
Continuous
 62
     0
370
    18
100
AcDbLine
 10
0.0
 20
0.0
 30
0.0
 11
0.0
 21
-5.000000000000004
 31
0.0
  0
LINE
  5
265
330
25F
100
AcDbEntity
  8
0
  6
Continuous
 62
     0
370
    18
100
AcDbLine
 10
0.0
 20
0.0
 30
0.0
 11
5.000000000000004
 21
0.0
 31
0.0
  0
LINE
  5
266
330
25F
100
AcDbEntity
  8
0
  6
Continuous
 62
     0
370
    18
100
AcDbLine
 10
0.0
 20
4.999999999999948
 30
0.0
 11
0.0
 21
6.99999999999995
 31
0.0
  0
LINE
  5
267
330
25F
100
AcDbEntity
  8
0
  6
Continuous
 62
     0
370
    18
100
AcDbLine
 10
-5.000000000000004
 20
0.0
 30
0.0
 11
-7.000000000000006
 21
0.0
 31
0.0
  0
LINE
  5
268
330
25F
100
AcDbEntity
  8
0
  6
Continuous
 62
     0
370
    18
100
AcDbLine
 10
0.0
 20
-5.000000000000004
 30
0.0
 11
0.0
 21
-7.000000000000006
 31
0.0
  0
LINE
  5
269
330
25F
100
AcDbEntity
  8
0
  6
Continuous
 62
     0
370
    18
100
AcDbLine
 10
5.000000000000004
 20
0.0
 30
0.0
 11
6.999999999999895
 21
0.0
 31
0.0
  0
ENDBLK
  5
261
330
25F
100
AcDbEntity
  8
0
100
AcDbBlockEnd
  0
BLOCK
  5
26C
330
26B
100
AcDbEntity
  8
0
100
AcDbBlockBegin
  2
SW_CENTERMARKSYMBOL_5
 70
     0
 10
0.0
 20
0.0
 30
0.0
  3
SW_CENTERMARKSYMBOL_5
  1

  0
LINE
  5
26E
330
26B
100
AcDbEntity
  8
0
  6
Continuous
 62
     0
370
    18
100
AcDbLine
 10
0.0
 20
0.0
 30
0.0
 11
0.0
 21
5.000000000000004
 31
0.0
  0
LINE
  5
26F
330
26B
100
AcDbEntity
  8
0
  6
Continuous
 62
     0
370
    18
100
AcDbLine
 10
0.0
 20
0.0
 30
0.0
 11
-5.000000000000004
 21
0.0
 31
0.0
  0
LINE
  5
270
330
26B
100
AcDbEntity
  8
0
  6
Continuous
 62
     0
370
    18
100
AcDbLine
 10
0.0
 20
0.0
 30
0.0
 11
0.0
 21
-5.000000000000004
 31
0.0
  0
LINE
  5
271
330
26B
100
AcDbEntity
  8
0
  6
Continuous
 62
     0
370
    18
100
AcDbLine
 10
0.0
 20
0.0
 30
0.0
 11
5.000000000000004
 21
0.0
 31
0.0
  0
LINE
  5
272
330
26B
100
AcDbEntity
  8
0
  6
Continuous
 62
     0
370
    18
100
AcDbLine
 10
0.0
 20
5.000000000000004
 30
0.0
 11
0.0
 21
8.000000000000007
 31
0.0
  0
LINE
  5
273
330
26B
100
AcDbEntity
  8
0
  6
Continuous
 62
     0
370
    18
100
AcDbLine
 10
-5.000000000000004
 20
0.0
 30
0.0
 11
-8.000000000000007
 21
0.0
 31
0.0
  0
LINE
  5
274
330
26B
100
AcDbEntity
  8
0
  6
Continuous
 62
     0
370
    18
100
AcDbLine
 10
0.0
 20
-5.000000000000004
 30
0.0
 11
0.0
 21
-8.000000000000007
 31
0.0
  0
LINE
  5
275
330
26B
100
AcDbEntity
  8
0
  6
Continuous
 62
     0
370
    18
100
AcDbLine
 10
5.000000000000004
 20
0.0
 30
0.0
 11
8.000000000000007
 21
0.0
 31
0.0
  0
ENDBLK
  5
26D
330
26B
100
AcDbEntity
  8
0
100
AcDbBlockEnd
  0
BLOCK
  5
278
330
277
100
AcDbEntity
  8
0
100
AcDbBlockBegin
  2
SW_CENTERMARKSYMBOL_6
 70
     0
 10
0.0
 20
0.0
 30
0.0
  3
SW_CENTERMARKSYMBOL_6
  1

  0
LINE
  5
27A
330
277
100
AcDbEntity
  8
0
  6
Continuous
 62
     0
370
    18
100
AcDbLine
 10
0.0
 20
0.0
 30
0.0
 11
0.0
 21
5.000000000000004
 31
0.0
  0
LINE
  5
27B
330
277
100
AcDbEntity
  8
0
  6
Continuous
 62
     0
370
    18
100
AcDbLine
 10
0.0
 20
0.0
 30
0.0
 11
-5.000000000000004
 21
0.0
 31
0.0
  0
LINE
  5
27C
330
277
100
AcDbEntity
  8
0
  6
Continuous
 62
     0
370
    18
100
AcDbLine
 10
0.0
 20
0.0
 30
0.0
 11
0.0
 21
-5.000000000000004
 31
0.0
  0
LINE
  5
27D
330
277
100
AcDbEntity
  8
0
  6
Continuous
 62
     0
370
    18
100
AcDbLine
 10
0.0
 20
0.0
 30
0.0
 11
5.000000000000004
 21
0.0
 31
0.0
  0
LINE
  5
27E
330
277
100
AcDbEntity
  8
0
  6
Continuous
 62
     0
370
    18
100
AcDbLine
 10
0.0
 20
5.000000000000004
 30
0.0
 11
0.0
 21
8.000000000000007
 31
0.0
  0
LINE
  5
27F
330
277
100
AcDbEntity
  8
0
  6
Continuous
 62
     0
370
    18
100
AcDbLine
 10
-5.000000000000004
 20
0.0
 30
0.0
 11
-8.000000000000007
 21
0.0
 31
0.0
  0
LINE
  5
280
330
277
100
AcDbEntity
  8
0
  6
Continuous
 62
     0
370
    18
100
AcDbLine
 10
0.0
 20
-5.000000000000004
 30
0.0
 11
0.0
 21
-8.000000000000007
 31
0.0
  0
LINE
  5
281
330
277
100
AcDbEntity
  8
0
  6
Continuous
 62
     0
370
    18
100
AcDbLine
 10
5.000000000000004
 20
0.0
 30
0.0
 11
8.000000000000007
 21
0.0
 31
0.0
  0
ENDBLK
  5
279
330
277
100
AcDbEntity
  8
0
100
AcDbBlockEnd
  0
BLOCK
  5
284
330
283
100
AcDbEntity
  8
0
100
AcDbBlockBegin
  2
SW_CENTERMARKSYMBOL_7
 70
     0
 10
0.0
 20
0.0
 30
0.0
  3
SW_CENTERMARKSYMBOL_7
  1

  0
LINE
  5
286
330
283
100
AcDbEntity
  8
0
  6
Continuous
 62
     0
370
    18
100
AcDbLine
 10
0.0
 20
0.0
 30
0.0
 11
0.0
 21
5.000000000000004
 31
0.0
  0
LINE
  5
287
330
283
100
AcDbEntity
  8
0
  6
Continuous
 62
     0
370
    18
100
AcDbLine
 10
0.0
 20
0.0
 30
0.0
 11
-5.000000000000004
 21
0.0
 31
0.0
  0
LINE
  5
288
330
283
100
AcDbEntity
  8
0
  6
Continuous
 62
     0
370
    18
100
AcDbLine
 10
0.0
 20
0.0
 30
0.0
 11
0.0
 21
-5.000000000000004
 31
0.0
  0
LINE
  5
289
330
283
100
AcDbEntity
  8
0
  6
Continuous
 62
     0
370
    18
100
AcDbLine
 10
0.0
 20
0.0
 30
0.0
 11
5.000000000000004
 21
0.0
 31
0.0
  0
LINE
  5
28A
330
283
100
AcDbEntity
  8
0
  6
Continuous
 62
     0
370
    18
100
AcDbLine
 10
0.0
 20
5.000000000000004
 30
0.0
 11
0.0
 21
8.000000000000007
 31
0.0
  0
LINE
  5
28B
330
283
100
AcDbEntity
  8
0
  6
Continuous
 62
     0
370
    18
100
AcDbLine
 10
-5.000000000000004
 20
0.0
 30
0.0
 11
-8.000000000000007
 21
0.0
 31
0.0
  0
LINE
  5
28C
330
283
100
AcDbEntity
  8
0
  6
Continuous
 62
     0
370
    18
100
AcDbLine
 10
0.0
 20
-5.000000000000004
 30
0.0
 11
0.0
 21
-8.000000000000007
 31
0.0
  0
LINE
  5
28D
330
283
100
AcDbEntity
  8
0
  6
Continuous
 62
     0
370
    18
100
AcDbLine
 10
5.000000000000004
 20
0.0
 30
0.0
 11
8.000000000000007
 21
0.0
 31
0.0
  0
ENDBLK
  5
285
330
283
100
AcDbEntity
  8
0
100
AcDbBlockEnd
  0
BLOCK
  5
290
330
28F
100
AcDbEntity
  8
0
100
AcDbBlockBegin
  2
SW_CENTERMARKSYMBOL_8
 70
     0
 10
0.0
 20
0.0
 30
0.0
  3
SW_CENTERMARKSYMBOL_8
  1

  0
LINE
  5
292
330
28F
100
AcDbEntity
  8
0
  6
Continuous
 62
     0
370
    18
100
AcDbLine
 10
0.0
 20
0.0
 30
0.0
 11
0.0
 21
5.000000000000004
 31
0.0
  0
LINE
  5
293
330
28F
100
AcDbEntity
  8
0
  6
Continuous
 62
     0
370
    18
100
AcDbLine
 10
0.0
 20
0.0
 30
0.0
 11
-5.000000000000004
 21
0.0
 31
0.0
  0
LINE
  5
294
330
28F
100
AcDbEntity
  8
0
  6
Continuous
 62
     0
370
    18
100
AcDbLine
 10
0.0
 20
0.0
 30
0.0
 11
0.0
 21
-5.000000000000004
 31
0.0
  0
LINE
  5
295
330
28F
100
AcDbEntity
  8
0
  6
Continuous
 62
     0
370
    18
100
AcDbLine
 10
0.0
 20
0.0
 30
0.0
 11
5.000000000000004
 21
0.0
 31
0.0
  0
LINE
  5
296
330
28F
100
AcDbEntity
  8
0
  6
Continuous
 62
     0
370
    18
100
AcDbLine
 10
0.0
 20
5.000000000000004
 30
0.0
 11
0.0
 21
8.000000000000007
 31
0.0
  0
LINE
  5
297
330
28F
100
AcDbEntity
  8
0
  6
Continuous
 62
     0
370
    18
100
AcDbLine
 10
-5.000000000000004
 20
0.0
 30
0.0
 11
-8.000000000000007
 21
0.0
 31
0.0
  0
LINE
  5
298
330
28F
100
AcDbEntity
  8
0
  6
Continuous
 62
     0
370
    18
100
AcDbLine
 10
0.0
 20
-5.000000000000004
 30
0.0
 11
0.0
 21
-8.000000000000007
 31
0.0
  0
LINE
  5
299
330
28F
100
AcDbEntity
  8
0
  6
Continuous
 62
     0
370
    18
100
AcDbLine
 10
5.000000000000004
 20
0.0
 30
0.0
 11
8.000000000000007
 21
0.0
 31
0.0
  0
ENDBLK
  5
291
330
28F
100
AcDbEntity
  8
0
100
AcDbBlockEnd
  0
BLOCK
  5
29C
330
29B
100
AcDbEntity
  8
0
100
AcDbBlockBegin
  2
SW_CENTERMARKSYMBOL_9
 70
     0
 10
0.0
 20
0.0
 30
0.0
  3
SW_CENTERMARKSYMBOL_9
  1

  0
LINE
  5
29E
330
29B
100
AcDbEntity
  8
0
  6
Continuous
 62
     0
370
    18
100
AcDbLine
 10
0.0
 20
0.0
 30
0.0
 11
0.0
 21
5.000000000000004
 31
0.0
  0
LINE
  5
29F
330
29B
100
AcDbEntity
  8
0
  6
Continuous
 62
     0
370
    18
100
AcDbLine
 10
0.0
 20
0.0
 30
0.0
 11
-5.000000000000004
 21
0.0
 31
0.0
  0
LINE
  5
2A0
330
29B
100
AcDbEntity
  8
0
  6
Continuous
 62
     0
370
    18
100
AcDbLine
 10
0.0
 20
0.0
 30
0.0
 11
0.0
 21
-5.000000000000004
 31
0.0
  0
LINE
  5
2A1
330
29B
100
AcDbEntity
  8
0
  6
Continuous
 62
     0
370
    18
100
AcDbLine
 10
0.0
 20
0.0
 30
0.0
 11
5.000000000000004
 21
0.0
 31
0.0
  0
LINE
  5
2A2
330
29B
100
AcDbEntity
  8
0
  6
Continuous
 62
     0
370
    18
100
AcDbLine
 10
0.0
 20
5.000000000000004
 30
0.0
 11
0.0
 21
8.000000000000007
 31
0.0
  0
LINE
  5
2A3
330
29B
100
AcDbEntity
  8
0
  6
Continuous
 62
     0
370
    18
100
AcDbLine
 10
-5.000000000000004
 20
0.0
 30
0.0
 11
-8.000000000000007
 21
0.0
 31
0.0
  0
LINE
  5
2A4
330
29B
100
AcDbEntity
  8
0
  6
Continuous
 62
     0
370
    18
100
AcDbLine
 10
0.0
 20
-5.000000000000004
 30
0.0
 11
0.0
 21
-8.000000000000007
 31
0.0
  0
LINE
  5
2A5
330
29B
100
AcDbEntity
  8
0
  6
Continuous
 62
     0
370
    18
100
AcDbLine
 10
5.000000000000004
 20
0.0
 30
0.0
 11
8.000000000000007
 21
0.0
 31
0.0
  0
ENDBLK
  5
29D
330
29B
100
AcDbEntity
  8
0
100
AcDbBlockEnd
  0
BLOCK
  5
2A8
330
2A7
100
AcDbEntity
  8
0
100
AcDbBlockBegin
  2
SW_CENTERMARKSYMBOL_10
 70
     0
 10
0.0
 20
0.0
 30
0.0
  3
SW_CENTERMARKSYMBOL_10
  1

  0
LINE
  5
2AA
330
2A7
100
AcDbEntity
  8
0
  6
Continuous
 62
     0
370
    18
100
AcDbLine
 10
0.0
 20
0.0
 30
0.0
 11
0.0
 21
5.000000000000004
 31
0.0
  0
LINE
  5
2AB
330
2A7
100
AcDbEntity
  8
0
  6
Continuous
 62
     0
370
    18
100
AcDbLine
 10
0.0
 20
0.0
 30
0.0
 11
-5.000000000000004
 21
0.0
 31
0.0
  0
LINE
  5
2AC
330
2A7
100
AcDbEntity
  8
0
  6
Continuous
 62
     0
370
    18
100
AcDbLine
 10
0.0
 20
0.0
 30
0.0
 11
0.0
 21
-5.000000000000004
 31
0.0
  0
LINE
  5
2AD
330
2A7
100
AcDbEntity
  8
0
  6
Continuous
 62
     0
370
    18
100
AcDbLine
 10
0.0
 20
0.0
 30
0.0
 11
5.000000000000004
 21
0.0
 31
0.0
  0
LINE
  5
2AE
330
2A7
100
AcDbEntity
  8
0
  6
Continuous
 62
     0
370
    18
100
AcDbLine
 10
0.0
 20
5.000000000000004
 30
0.0
 11
0.0
 21
8.000000000000007
 31
0.0
  0
LINE
  5
2AF
330
2A7
100
AcDbEntity
  8
0
  6
Continuous
 62
     0
370
    18
100
AcDbLine
 10
-5.000000000000004
 20
0.0
 30
0.0
 11
-8.000000000000007
 21
0.0
 31
0.0
  0
LINE
  5
2B0
330
2A7
100
AcDbEntity
  8
0
  6
Continuous
 62
     0
370
    18
100
AcDbLine
 10
0.0
 20
-5.000000000000004
 30
0.0
 11
0.0
 21
-8.000000000000007
 31
0.0
  0
LINE
  5
2B1
330
2A7
100
AcDbEntity
  8
0
  6
Continuous
 62
     0
370
    18
100
AcDbLine
 10
5.000000000000004
 20
0.0
 30
0.0
 11
8.000000000000007
 21
0.0
 31
0.0
  0
ENDBLK
  5
2A9
330
2A7
100
AcDbEntity
  8
0
100
AcDbBlockEnd
  0
BLOCK
  5
2B4
330
2B3
100
AcDbEntity
  8
0
100
AcDbBlockBegin
  2
SW_CENTERMARKSYMBOL_11
 70
     0
 10
0.0
 20
0.0
 30
0.0
  3
SW_CENTERMARKSYMBOL_11
  1

  0
LINE
  5
2B6
330
2B3
100
AcDbEntity
  8
0
  6
Continuous
 62
     0
370
    18
100
AcDbLine
 10
0.0
 20
0.0
 30
0.0
 11
0.0
 21
5.000000000000004
 31
0.0
  0
LINE
  5
2B7
330
2B3
100
AcDbEntity
  8
0
  6
Continuous
 62
     0
370
    18
100
AcDbLine
 10
0.0
 20
0.0
 30
0.0
 11
-5.000000000000004
 21
0.0
 31
0.0
  0
LINE
  5
2B8
330
2B3
100
AcDbEntity
  8
0
  6
Continuous
 62
     0
370
    18
100
AcDbLine
 10
0.0
 20
0.0
 30
0.0
 11
0.0
 21
-4.999999999999948
 31
0.0
  0
LINE
  5
2B9
330
2B3
100
AcDbEntity
  8
0
  6
Continuous
 62
     0
370
    18
100
AcDbLine
 10
0.0
 20
0.0
 30
0.0
 11
5.000000000000004
 21
0.0
 31
0.0
  0
LINE
  5
2BA
330
2B3
100
AcDbEntity
  8
0
  6
Continuous
 62
     0
370
    18
100
AcDbLine
 10
0.0
 20
5.000000000000004
 30
0.0
 11
0.0
 21
8.000000000000007
 31
0.0
  0
LINE
  5
2BB
330
2B3
100
AcDbEntity
  8
0
  6
Continuous
 62
     0
370
    18
100
AcDbLine
 10
-5.000000000000004
 20
0.0
 30
0.0
 11
-8.000000000000007
 21
0.0
 31
0.0
  0
LINE
  5
2BC
330
2B3
100
AcDbEntity
  8
0
  6
Continuous
 62
     0
370
    18
100
AcDbLine
 10
0.0
 20
-4.999999999999948
 30
0.0
 11
0.0
 21
-7.999999999999952
 31
0.0
  0
LINE
  5
2BD
330
2B3
100
AcDbEntity
  8
0
  6
Continuous
 62
     0
370
    18
100
AcDbLine
 10
5.000000000000004
 20
0.0
 30
0.0
 11
8.000000000000007
 21
0.0
 31
0.0
  0
ENDBLK
  5
2B5
330
2B3
100
AcDbEntity
  8
0
100
AcDbBlockEnd
  0
BLOCK
  5
2C0
330
2BF
100
AcDbEntity
  8
0
100
AcDbBlockBegin
  2
SW_CENTERMARKSYMBOL_12
 70
     0
 10
0.0
 20
0.0
 30
0.0
  3
SW_CENTERMARKSYMBOL_12
  1

  0
LINE
  5
2C2
330
2BF
100
AcDbEntity
  8
0
  6
Continuous
 62
     0
370
    18
100
AcDbLine
 10
0.0
 20
0.0
 30
0.0
 11
0.0
 21
5.000000000000004
 31
0.0
  0
LINE
  5
2C3
330
2BF
100
AcDbEntity
  8
0
  6
Continuous
 62
     0
370
    18
100
AcDbLine
 10
0.0
 20
0.0
 30
0.0
 11
-5.000000000000004
 21
0.0
 31
0.0
  0
LINE
  5
2C4
330
2BF
100
AcDbEntity
  8
0
  6
Continuous
 62
     0
370
    18
100
AcDbLine
 10
0.0
 20
0.0
 30
0.0
 11
0.0
 21
-5.00000000000006
 31
0.0
  0
LINE
  5
2C5
330
2BF
100
AcDbEntity
  8
0
  6
Continuous
 62
     0
370
    18
100
AcDbLine
 10
0.0
 20
0.0
 30
0.0
 11
5.000000000000004
 21
0.0
 31
0.0
  0
LINE
  5
2C6
330
2BF
100
AcDbEntity
  8
0
  6
Continuous
 62
     0
370
    18
100
AcDbLine
 10
0.0
 20
5.000000000000004
 30
0.0
 11
0.0
 21
7.999999999999896
 31
0.0
  0
LINE
  5
2C7
330
2BF
100
AcDbEntity
  8
0
  6
Continuous
 62
     0
370
    18
100
AcDbLine
 10
-5.000000000000004
 20
0.0
 30
0.0
 11
-8.000000000000007
 21
0.0
 31
0.0
  0
LINE
  5
2C8
330
2BF
100
AcDbEntity
  8
0
  6
Continuous
 62
     0
370
    18
100
AcDbLine
 10
0.0
 20
-5.00000000000006
 30
0.0
 11
0.0
 21
-8.000000000000007
 31
0.0
  0
LINE
  5
2C9
330
2BF
100
AcDbEntity
  8
0
  6
Continuous
 62
     0
370
    18
100
AcDbLine
 10
5.000000000000004
 20
0.0
 30
0.0
 11
8.000000000000007
 21
0.0
 31
0.0
  0
ENDBLK
  5
2C1
330
2BF
100
AcDbEntity
  8
0
100
AcDbBlockEnd
  0
BLOCK
  5
2CC
330
2CB
100
AcDbEntity
  8
0
100
AcDbBlockBegin
  2
SW_CENTERMARKSYMBOL_13
 70
     0
 10
0.0
 20
0.0
 30
0.0
  3
SW_CENTERMARKSYMBOL_13
  1

  0
LINE
  5
2CE
330
2CB
100
AcDbEntity
  8
0
  6
Continuous
 62
     0
370
    18
100
AcDbLine
 10
0.0
 20
0.0
 30
0.0
 11
0.0
 21
5.000000000000004
 31
0.0
  0
LINE
  5
2CF
330
2CB
100
AcDbEntity
  8
0
  6
Continuous
 62
     0
370
    18
100
AcDbLine
 10
0.0
 20
0.0
 30
0.0
 11
-5.000000000000004
 21
0.0
 31
0.0
  0
LINE
  5
2D0
330
2CB
100
AcDbEntity
  8
0
  6
Continuous
 62
     0
370
    18
100
AcDbLine
 10
0.0
 20
0.0
 30
0.0
 11
0.0
 21
-5.000000000000004
 31
0.0
  0
LINE
  5
2D1
330
2CB
100
AcDbEntity
  8
0
  6
Continuous
 62
     0
370
    18
100
AcDbLine
 10
0.0
 20
0.0
 30
0.0
 11
5.000000000000004
 21
0.0
 31
0.0
  0
LINE
  5
2D2
330
2CB
100
AcDbEntity
  8
0
  6
Continuous
 62
     0
370
    18
100
AcDbLine
 10
0.0
 20
5.000000000000004
 30
0.0
 11
0.0
 21
8.000000000000007
 31
0.0
  0
LINE
  5
2D3
330
2CB
100
AcDbEntity
  8
0
  6
Continuous
 62
     0
370
    18
100
AcDbLine
 10
-5.000000000000004
 20
0.0
 30
0.0
 11
-8.000000000000007
 21
0.0
 31
0.0
  0
LINE
  5
2D4
330
2CB
100
AcDbEntity
  8
0
  6
Continuous
 62
     0
370
    18
100
AcDbLine
 10
0.0
 20
-5.000000000000004
 30
0.0
 11
0.0
 21
-8.000000000000007
 31
0.0
  0
LINE
  5
2D5
330
2CB
100
AcDbEntity
  8
0
  6
Continuous
 62
     0
370
    18
100
AcDbLine
 10
5.000000000000004
 20
0.0
 30
0.0
 11
8.000000000000007
 21
0.0
 31
0.0
  0
ENDBLK
  5
2CD
330
2CB
100
AcDbEntity
  8
0
100
AcDbBlockEnd
  0
BLOCK
  5
2D8
330
2D7
100
AcDbEntity
  8
0
100
AcDbBlockBegin
  2
SW_CENTERMARKSYMBOL_14
 70
     0
 10
0.0
 20
0.0
 30
0.0
  3
SW_CENTERMARKSYMBOL_14
  1

  0
LINE
  5
2DA
330
2D7
100
AcDbEntity
  8
0
  6
Continuous
 62
     0
370
    18
100
AcDbLine
 10
0.0
 20
0.0
 30
0.0
 11
0.0
 21
5.000000000000004
 31
0.0
  0
LINE
  5
2DB
330
2D7
100
AcDbEntity
  8
0
  6
Continuous
 62
     0
370
    18
100
AcDbLine
 10
0.0
 20
0.0
 30
0.0
 11
-5.000000000000004
 21
0.0
 31
0.0
  0
LINE
  5
2DC
330
2D7
100
AcDbEntity
  8
0
  6
Continuous
 62
     0
370
    18
100
AcDbLine
 10
0.0
 20
0.0
 30
0.0
 11
0.0
 21
-5.000000000000004
 31
0.0
  0
LINE
  5
2DD
330
2D7
100
AcDbEntity
  8
0
  6
Continuous
 62
     0
370
    18
100
AcDbLine
 10
0.0
 20
0.0
 30
0.0
 11
5.000000000000004
 21
0.0
 31
0.0
  0
LINE
  5
2DE
330
2D7
100
AcDbEntity
  8
0
  6
Continuous
 62
     0
370
    18
100
AcDbLine
 10
0.0
 20
5.000000000000004
 30
0.0
 11
0.0
 21
8.000000000000007
 31
0.0
  0
LINE
  5
2DF
330
2D7
100
AcDbEntity
  8
0
  6
Continuous
 62
     0
370
    18
100
AcDbLine
 10
-5.000000000000004
 20
0.0
 30
0.0
 11
-8.000000000000007
 21
0.0
 31
0.0
  0
LINE
  5
2E0
330
2D7
100
AcDbEntity
  8
0
  6
Continuous
 62
     0
370
    18
100
AcDbLine
 10
0.0
 20
-5.000000000000004
 30
0.0
 11
0.0
 21
-8.000000000000007
 31
0.0
  0
LINE
  5
2E1
330
2D7
100
AcDbEntity
  8
0
  6
Continuous
 62
     0
370
    18
100
AcDbLine
 10
5.000000000000004
 20
0.0
 30
0.0
 11
8.000000000000007
 21
0.0
 31
0.0
  0
ENDBLK
  5
2D9
330
2D7
100
AcDbEntity
  8
0
100
AcDbBlockEnd
  0
BLOCK
  5
2E4
330
2E3
100
AcDbEntity
  8
0
100
AcDbBlockBegin
  2
SW_CENTERMARKSYMBOL_15
 70
     0
 10
0.0
 20
0.0
 30
0.0
  3
SW_CENTERMARKSYMBOL_15
  1

  0
LINE
  5
2E6
330
2E3
100
AcDbEntity
  8
0
  6
Continuous
 62
     0
370
    18
100
AcDbLine
 10
0.0
 20
0.0
 30
0.0
 11
0.0
 21
5.000000000000004
 31
0.0
  0
LINE
  5
2E7
330
2E3
100
AcDbEntity
  8
0
  6
Continuous
 62
     0
370
    18
100
AcDbLine
 10
0.0
 20
0.0
 30
0.0
 11
-5.000000000000004
 21
0.0
 31
0.0
  0
LINE
  5
2E8
330
2E3
100
AcDbEntity
  8
0
  6
Continuous
 62
     0
370
    18
100
AcDbLine
 10
0.0
 20
0.0
 30
0.0
 11
0.0
 21
-5.000000000000004
 31
0.0
  0
LINE
  5
2E9
330
2E3
100
AcDbEntity
  8
0
  6
Continuous
 62
     0
370
    18
100
AcDbLine
 10
0.0
 20
0.0
 30
0.0
 11
5.000000000000004
 21
0.0
 31
0.0
  0
LINE
  5
2EA
330
2E3
100
AcDbEntity
  8
0
  6
Continuous
 62
     0
370
    18
100
AcDbLine
 10
0.0
 20
5.000000000000004
 30
0.0
 11
0.0
 21
9.500000000000008
 31
0.0
  0
LINE
  5
2EB
330
2E3
100
AcDbEntity
  8
0
  6
Continuous
 62
     0
370
    18
100
AcDbLine
 10
-5.000000000000004
 20
0.0
 30
0.0
 11
-9.500000000000008
 21
0.0
 31
0.0
  0
LINE
  5
2EC
330
2E3
100
AcDbEntity
  8
0
  6
Continuous
 62
     0
370
    18
100
AcDbLine
 10
0.0
 20
-5.000000000000004
 30
0.0
 11
0.0
 21
-9.500000000000008
 31
0.0
  0
LINE
  5
2ED
330
2E3
100
AcDbEntity
  8
0
  6
Continuous
 62
     0
370
    18
100
AcDbLine
 10
5.000000000000004
 20
0.0
 30
0.0
 11
9.500000000000008
 21
0.0
 31
0.0
  0
ENDBLK
  5
2E5
330
2E3
100
AcDbEntity
  8
0
100
AcDbBlockEnd
  0
BLOCK
  5
2F0
330
2EF
100
AcDbEntity
  8
0
100
AcDbBlockBegin
  2
SW_CENTERMARKSYMBOL_16
 70
     0
 10
0.0
 20
0.0
 30
0.0
  3
SW_CENTERMARKSYMBOL_16
  1

  0
LINE
  5
2F2
330
2EF
100
AcDbEntity
  8
0
  6
Continuous
 62
     0
370
    18
100
AcDbLine
 10
0.0
 20
0.0
 30
0.0
 11
0.0
 21
5.000000000000004
 31
0.0
  0
LINE
  5
2F3
330
2EF
100
AcDbEntity
  8
0
  6
Continuous
 62
     0
370
    18
100
AcDbLine
 10
0.0
 20
0.0
 30
0.0
 11
-5.000000000000004
 21
0.0
 31
0.0
  0
LINE
  5
2F4
330
2EF
100
AcDbEntity
  8
0
  6
Continuous
 62
     0
370
    18
100
AcDbLine
 10
0.0
 20
0.0
 30
0.0
 11
0.0
 21
-5.000000000000004
 31
0.0
  0
LINE
  5
2F5
330
2EF
100
AcDbEntity
  8
0
  6
Continuous
 62
     0
370
    18
100
AcDbLine
 10
0.0
 20
0.0
 30
0.0
 11
5.000000000000004
 21
0.0
 31
0.0
  0
LINE
  5
2F6
330
2EF
100
AcDbEntity
  8
0
  6
Continuous
 62
     0
370
    18
100
AcDbLine
 10
0.0
 20
5.000000000000004
 30
0.0
 11
0.0
 21
9.500000000000063
 31
0.0
  0
LINE
  5
2F7
330
2EF
100
AcDbEntity
  8
0
  6
Continuous
 62
     0
370
    18
100
AcDbLine
 10
-5.000000000000004
 20
0.0
 30
0.0
 11
-9.499999999999953
 21
0.0
 31
0.0
  0
LINE
  5
2F8
330
2EF
100
AcDbEntity
  8
0
  6
Continuous
 62
     0
370
    18
100
AcDbLine
 10
0.0
 20
-5.000000000000004
 30
0.0
 11
0.0
 21
-9.500000000000008
 31
0.0
  0
LINE
  5
2F9
330
2EF
100
AcDbEntity
  8
0
  6
Continuous
 62
     0
370
    18
100
AcDbLine
 10
5.000000000000004
 20
0.0
 30
0.0
 11
9.500000000000063
 21
0.0
 31
0.0
  0
ENDBLK
  5
2F1
330
2EF
100
AcDbEntity
  8
0
100
AcDbBlockEnd
  0
BLOCK
  5
2FC
330
2FB
100
AcDbEntity
  8
0
100
AcDbBlockBegin
  2
SW_CENTERMARKSYMBOL_17
 70
     0
 10
0.0
 20
0.0
 30
0.0
  3
SW_CENTERMARKSYMBOL_17
  1

  0
LINE
  5
2FE
330
2FB
100
AcDbEntity
  8
0
  6
Continuous
 62
     0
370
    18
100
AcDbLine
 10
0.0
 20
0.0
 30
0.0
 11
0.0
 21
5.000000000000004
 31
0.0
  0
LINE
  5
2FF
330
2FB
100
AcDbEntity
  8
0
  6
Continuous
 62
     0
370
    18
100
AcDbLine
 10
0.0
 20
0.0
 30
0.0
 11
-5.000000000000004
 21
0.0
 31
0.0
  0
LINE
  5
300
330
2FB
100
AcDbEntity
  8
0
  6
Continuous
 62
     0
370
    18
100
AcDbLine
 10
0.0
 20
0.0
 30
0.0
 11
0.0
 21
-5.000000000000004
 31
0.0
  0
LINE
  5
301
330
2FB
100
AcDbEntity
  8
0
  6
Continuous
 62
     0
370
    18
100
AcDbLine
 10
0.0
 20
0.0
 30
0.0
 11
5.000000000000004
 21
0.0
 31
0.0
  0
LINE
  5
302
330
2FB
100
AcDbEntity
  8
0
  6
Continuous
 62
     0
370
    18
100
AcDbLine
 10
0.0
 20
5.000000000000004
 30
0.0
 11
0.0
 21
8.000000000000007
 31
0.0
  0
LINE
  5
303
330
2FB
100
AcDbEntity
  8
0
  6
Continuous
 62
     0
370
    18
100
AcDbLine
 10
-5.000000000000004
 20
0.0
 30
0.0
 11
-8.000000000000007
 21
0.0
 31
0.0
  0
LINE
  5
304
330
2FB
100
AcDbEntity
  8
0
  6
Continuous
 62
     0
370
    18
100
AcDbLine
 10
0.0
 20
-5.000000000000004
 30
0.0
 11
0.0
 21
-8.000000000000007
 31
0.0
  0
LINE
  5
305
330
2FB
100
AcDbEntity
  8
0
  6
Continuous
 62
     0
370
    18
100
AcDbLine
 10
5.000000000000004
 20
0.0
 30
0.0
 11
8.000000000000007
 21
0.0
 31
0.0
  0
ENDBLK
  5
2FD
330
2FB
100
AcDbEntity
  8
0
100
AcDbBlockEnd
  0
BLOCK
  5
308
330
307
100
AcDbEntity
  8
0
100
AcDbBlockBegin
  2
SW_CENTERMARKSYMBOL_18
 70
     0
 10
0.0
 20
0.0
 30
0.0
  3
SW_CENTERMARKSYMBOL_18
  1

  0
LINE
  5
30A
330
307
100
AcDbEntity
  8
0
  6
Continuous
 62
     0
370
    18
100
AcDbLine
 10
0.0
 20
0.0
 30
0.0
 11
0.0
 21
5.000000000000004
 31
0.0
  0
LINE
  5
30B
330
307
100
AcDbEntity
  8
0
  6
Continuous
 62
     0
370
    18
100
AcDbLine
 10
0.0
 20
0.0
 30
0.0
 11
-5.000000000000004
 21
0.0
 31
0.0
  0
LINE
  5
30C
330
307
100
AcDbEntity
  8
0
  6
Continuous
 62
     0
370
    18
100
AcDbLine
 10
0.0
 20
0.0
 30
0.0
 11
0.0
 21
-5.000000000000004
 31
0.0
  0
LINE
  5
30D
330
307
100
AcDbEntity
  8
0
  6
Continuous
 62
     0
370
    18
100
AcDbLine
 10
0.0
 20
0.0
 30
0.0
 11
5.000000000000004
 21
0.0
 31
0.0
  0
LINE
  5
30E
330
307
100
AcDbEntity
  8
0
  6
Continuous
 62
     0
370
    18
100
AcDbLine
 10
0.0
 20
5.000000000000004
 30
0.0
 11
0.0
 21
8.000000000000007
 31
0.0
  0
LINE
  5
30F
330
307
100
AcDbEntity
  8
0
  6
Continuous
 62
     0
370
    18
100
AcDbLine
 10
-5.000000000000004
 20
0.0
 30
0.0
 11
-8.000000000000007
 21
0.0
 31
0.0
  0
LINE
  5
310
330
307
100
AcDbEntity
  8
0
  6
Continuous
 62
     0
370
    18
100
AcDbLine
 10
0.0
 20
-5.000000000000004
 30
0.0
 11
0.0
 21
-8.000000000000062
 31
0.0
  0
LINE
  5
311
330
307
100
AcDbEntity
  8
0
  6
Continuous
 62
     0
370
    18
100
AcDbLine
 10
5.000000000000004
 20
0.0
 30
0.0
 11
8.000000000000007
 21
0.0
 31
0.0
  0
ENDBLK
  5
309
330
307
100
AcDbEntity
  8
0
100
AcDbBlockEnd
  0
BLOCK
  5
314
330
313
100
AcDbEntity
  8
0
100
AcDbBlockBegin
  2
SW_CENTERMARKSYMBOL_19
 70
     0
 10
0.0
 20
0.0
 30
0.0
  3
SW_CENTERMARKSYMBOL_19
  1

  0
LINE
  5
316
330
313
100
AcDbEntity
  8
0
  6
Continuous
 62
     0
370
    18
100
AcDbLine
 10
0.0
 20
0.0
 30
0.0
 11
0.0
 21
5.000000000000004
 31
0.0
  0
LINE
  5
317
330
313
100
AcDbEntity
  8
0
  6
Continuous
 62
     0
370
    18
100
AcDbLine
 10
0.0
 20
0.0
 30
0.0
 11
-5.000000000000004
 21
0.0
 31
0.0
  0
LINE
  5
318
330
313
100
AcDbEntity
  8
0
  6
Continuous
 62
     0
370
    18
100
AcDbLine
 10
0.0
 20
0.0
 30
0.0
 11
0.0
 21
-5.000000000000004
 31
0.0
  0
LINE
  5
319
330
313
100
AcDbEntity
  8
0
  6
Continuous
 62
     0
370
    18
100
AcDbLine
 10
0.0
 20
0.0
 30
0.0
 11
5.000000000000004
 21
0.0
 31
0.0
  0
LINE
  5
31A
330
313
100
AcDbEntity
  8
0
  6
Continuous
 62
     0
370
    18
100
AcDbLine
 10
0.0
 20
5.000000000000004
 30
0.0
 11
0.0
 21
8.000000000000007
 31
0.0
  0
LINE
  5
31B
330
313
100
AcDbEntity
  8
0
  6
Continuous
 62
     0
370
    18
100
AcDbLine
 10
-5.000000000000004
 20
0.0
 30
0.0
 11
-8.000000000000007
 21
0.0
 31
0.0
  0
LINE
  5
31C
330
313
100
AcDbEntity
  8
0
  6
Continuous
 62
     0
370
    18
100
AcDbLine
 10
0.0
 20
-5.000000000000004
 30
0.0
 11
0.0
 21
-8.000000000000007
 31
0.0
  0
LINE
  5
31D
330
313
100
AcDbEntity
  8
0
  6
Continuous
 62
     0
370
    18
100
AcDbLine
 10
5.000000000000004
 20
0.0
 30
0.0
 11
8.000000000000007
 21
0.0
 31
0.0
  0
ENDBLK
  5
315
330
313
100
AcDbEntity
  8
0
100
AcDbBlockEnd
  0
BLOCK
  5
320
330
31F
100
AcDbEntity
  8
0
100
AcDbBlockBegin
  2
SW_CENTERMARKSYMBOL_20
 70
     0
 10
0.0
 20
0.0
 30
0.0
  3
SW_CENTERMARKSYMBOL_20
  1

  0
LINE
  5
322
330
31F
100
AcDbEntity
  8
0
  6
Continuous
 62
     0
370
    18
100
AcDbLine
 10
0.0
 20
0.0
 30
0.0
 11
0.0
 21
5.000000000000004
 31
0.0
  0
LINE
  5
323
330
31F
100
AcDbEntity
  8
0
  6
Continuous
 62
     0
370
    18
100
AcDbLine
 10
0.0
 20
0.0
 30
0.0
 11
-5.000000000000004
 21
0.0
 31
0.0
  0
LINE
  5
324
330
31F
100
AcDbEntity
  8
0
  6
Continuous
 62
     0
370
    18
100
AcDbLine
 10
0.0
 20
0.0
 30
0.0
 11
0.0
 21
-5.000000000000004
 31
0.0
  0
LINE
  5
325
330
31F
100
AcDbEntity
  8
0
  6
Continuous
 62
     0
370
    18
100
AcDbLine
 10
0.0
 20
0.0
 30
0.0
 11
5.000000000000004
 21
0.0
 31
0.0
  0
LINE
  5
326
330
31F
100
AcDbEntity
  8
0
  6
Continuous
 62
     0
370
    18
100
AcDbLine
 10
0.0
 20
5.000000000000004
 30
0.0
 11
0.0
 21
8.000000000000007
 31
0.0
  0
LINE
  5
327
330
31F
100
AcDbEntity
  8
0
  6
Continuous
 62
     0
370
    18
100
AcDbLine
 10
-5.000000000000004
 20
0.0
 30
0.0
 11
-8.000000000000007
 21
0.0
 31
0.0
  0
LINE
  5
328
330
31F
100
AcDbEntity
  8
0
  6
Continuous
 62
     0
370
    18
100
AcDbLine
 10
0.0
 20
-5.000000000000004
 30
0.0
 11
0.0
 21
-7.999999999999952
 31
0.0
  0
LINE
  5
329
330
31F
100
AcDbEntity
  8
0
  6
Continuous
 62
     0
370
    18
100
AcDbLine
 10
5.000000000000004
 20
0.0
 30
0.0
 11
8.000000000000007
 21
0.0
 31
0.0
  0
ENDBLK
  5
321
330
31F
100
AcDbEntity
  8
0
100
AcDbBlockEnd
  0
BLOCK
  5
32C
330
32B
100
AcDbEntity
  8
0
100
AcDbBlockBegin
  2
SW_CENTERMARKSYMBOL_21
 70
     0
 10
0.0
 20
0.0
 30
0.0
  3
SW_CENTERMARKSYMBOL_21
  1

  0
LINE
  5
32E
330
32B
100
AcDbEntity
  8
0
  6
Continuous
 62
     0
370
    18
100
AcDbLine
 10
0.0
 20
0.0
 30
0.0
 11
0.0
 21
5.000000000000004
 31
0.0
  0
LINE
  5
32F
330
32B
100
AcDbEntity
  8
0
  6
Continuous
 62
     0
370
    18
100
AcDbLine
 10
0.0
 20
0.0
 30
0.0
 11
-5.000000000000004
 21
0.0
 31
0.0
  0
LINE
  5
330
330
32B
100
AcDbEntity
  8
0
  6
Continuous
 62
     0
370
    18
100
AcDbLine
 10
0.0
 20
0.0
 30
0.0
 11
0.0
 21
-5.000000000000004
 31
0.0
  0
LINE
  5
331
330
32B
100
AcDbEntity
  8
0
  6
Continuous
 62
     0
370
    18
100
AcDbLine
 10
0.0
 20
0.0
 30
0.0
 11
5.000000000000004
 21
0.0
 31
0.0
  0
LINE
  5
332
330
32B
100
AcDbEntity
  8
0
  6
Continuous
 62
     0
370
    18
100
AcDbLine
 10
0.0
 20
5.000000000000004
 30
0.0
 11
0.0
 21
8.000000000000007
 31
0.0
  0
LINE
  5
333
330
32B
100
AcDbEntity
  8
0
  6
Continuous
 62
     0
370
    18
100
AcDbLine
 10
-5.000000000000004
 20
0.0
 30
0.0
 11
-8.000000000000007
 21
0.0
 31
0.0
  0
LINE
  5
334
330
32B
100
AcDbEntity
  8
0
  6
Continuous
 62
     0
370
    18
100
AcDbLine
 10
0.0
 20
-5.000000000000004
 30
0.0
 11
0.0
 21
-8.000000000000007
 31
0.0
  0
LINE
  5
335
330
32B
100
AcDbEntity
  8
0
  6
Continuous
 62
     0
370
    18
100
AcDbLine
 10
5.000000000000004
 20
0.0
 30
0.0
 11
8.000000000000007
 21
0.0
 31
0.0
  0
ENDBLK
  5
32D
330
32B
100
AcDbEntity
  8
0
100
AcDbBlockEnd
  0
BLOCK
  5
338
330
337
100
AcDbEntity
  8
0
100
AcDbBlockBegin
  2
SW_CENTERMARKSYMBOL_22
 70
     0
 10
0.0
 20
0.0
 30
0.0
  3
SW_CENTERMARKSYMBOL_22
  1

  0
LINE
  5
33A
330
337
100
AcDbEntity
  8
0
  6
Continuous
 62
     0
370
    18
100
AcDbLine
 10
0.0
 20
0.0
 30
0.0
 11
0.0
 21
5.000000000000004
 31
0.0
  0
LINE
  5
33B
330
337
100
AcDbEntity
  8
0
  6
Continuous
 62
     0
370
    18
100
AcDbLine
 10
0.0
 20
0.0
 30
0.0
 11
-5.000000000000004
 21
0.0
 31
0.0
  0
LINE
  5
33C
330
337
100
AcDbEntity
  8
0
  6
Continuous
 62
     0
370
    18
100
AcDbLine
 10
0.0
 20
0.0
 30
0.0
 11
0.0
 21
-5.000000000000004
 31
0.0
  0
LINE
  5
33D
330
337
100
AcDbEntity
  8
0
  6
Continuous
 62
     0
370
    18
100
AcDbLine
 10
0.0
 20
0.0
 30
0.0
 11
5.000000000000004
 21
0.0
 31
0.0
  0
LINE
  5
33E
330
337
100
AcDbEntity
  8
0
  6
Continuous
 62
     0
370
    18
100
AcDbLine
 10
0.0
 20
5.000000000000004
 30
0.0
 11
0.0
 21
8.399999999999963
 31
0.0
  0
LINE
  5
33F
330
337
100
AcDbEntity
  8
0
  6
Continuous
 62
     0
370
    18
100
AcDbLine
 10
-5.000000000000004
 20
0.0
 30
0.0
 11
-8.399999999999963
 21
0.0
 31
0.0
  0
LINE
  5
340
330
337
100
AcDbEntity
  8
0
  6
Continuous
 62
     0
370
    18
100
AcDbLine
 10
0.0
 20
-5.000000000000004
 30
0.0
 11
0.0
 21
-8.399999999999963
 31
0.0
  0
LINE
  5
341
330
337
100
AcDbEntity
  8
0
  6
Continuous
 62
     0
370
    18
100
AcDbLine
 10
5.000000000000004
 20
0.0
 30
0.0
 11
8.399999999999963
 21
0.0
 31
0.0
  0
ENDBLK
  5
339
330
337
100
AcDbEntity
  8
0
100
AcDbBlockEnd
  0
BLOCK
  5
344
330
343
100
AcDbEntity
  8
0
100
AcDbBlockBegin
  2
SW_CENTERMARKSYMBOL_23
 70
     0
 10
0.0
 20
0.0
 30
0.0
  3
SW_CENTERMARKSYMBOL_23
  1

  0
LINE
  5
346
330
343
100
AcDbEntity
  8
0
  6
Continuous
 62
     0
370
    18
100
AcDbLine
 10
0.0
 20
0.0
 30
0.0
 11
0.0
 21
5.000000000000004
 31
0.0
  0
LINE
  5
347
330
343
100
AcDbEntity
  8
0
  6
Continuous
 62
     0
370
    18
100
AcDbLine
 10
0.0
 20
0.0
 30
0.0
 11
-5.000000000000004
 21
0.0
 31
0.0
  0
LINE
  5
348
330
343
100
AcDbEntity
  8
0
  6
Continuous
 62
     0
370
    18
100
AcDbLine
 10
0.0
 20
0.0
 30
0.0
 11
0.0
 21
-4.999999999999948
 31
0.0
  0
LINE
  5
349
330
343
100
AcDbEntity
  8
0
  6
Continuous
 62
     0
370
    18
100
AcDbLine
 10
0.0
 20
0.0
 30
0.0
 11
5.000000000000004
 21
0.0
 31
0.0
  0
LINE
  5
34A
330
343
100
AcDbEntity
  8
0
  6
Continuous
 62
     0
370
    18
100
AcDbLine
 10
0.0
 20
5.000000000000004
 30
0.0
 11
0.0
 21
8.400000000000018
 31
0.0
  0
LINE
  5
34B
330
343
100
AcDbEntity
  8
0
  6
Continuous
 62
     0
370
    18
100
AcDbLine
 10
-5.000000000000004
 20
0.0
 30
0.0
 11
-8.399999999999963
 21
0.0
 31
0.0
  0
LINE
  5
34C
330
343
100
AcDbEntity
  8
0
  6
Continuous
 62
     0
370
    18
100
AcDbLine
 10
0.0
 20
-4.999999999999948
 30
0.0
 11
0.0
 21
-8.399999999999963
 31
0.0
  0
LINE
  5
34D
330
343
100
AcDbEntity
  8
0
  6
Continuous
 62
     0
370
    18
100
AcDbLine
 10
5.000000000000004
 20
0.0
 30
0.0
 11
8.399999999999963
 21
0.0
 31
0.0
  0
ENDBLK
  5
345
330
343
100
AcDbEntity
  8
0
100
AcDbBlockEnd
  0
BLOCK
  5
350
330
34F
100
AcDbEntity
  8
0
100
AcDbBlockBegin
  2
SW_CENTERMARKSYMBOL_24
 70
     0
 10
0.0
 20
0.0
 30
0.0
  3
SW_CENTERMARKSYMBOL_24
  1

  0
LINE
  5
352
330
34F
100
AcDbEntity
  8
0
  6
Continuous
 62
     0
370
    18
100
AcDbLine
 10
0.0
 20
0.0
 30
0.0
 11
0.0
 21
5.000000000000004
 31
0.0
  0
LINE
  5
353
330
34F
100
AcDbEntity
  8
0
  6
Continuous
 62
     0
370
    18
100
AcDbLine
 10
0.0
 20
0.0
 30
0.0
 11
-5.000000000000004
 21
0.0
 31
0.0
  0
LINE
  5
354
330
34F
100
AcDbEntity
  8
0
  6
Continuous
 62
     0
370
    18
100
AcDbLine
 10
0.0
 20
0.0
 30
0.0
 11
0.0
 21
-5.00000000000006
 31
0.0
  0
LINE
  5
355
330
34F
100
AcDbEntity
  8
0
  6
Continuous
 62
     0
370
    18
100
AcDbLine
 10
0.0
 20
0.0
 30
0.0
 11
5.000000000000004
 21
0.0
 31
0.0
  0
LINE
  5
356
330
34F
100
AcDbEntity
  8
0
  6
Continuous
 62
     0
370
    18
100
AcDbLine
 10
0.0
 20
5.000000000000004
 30
0.0
 11
0.0
 21
8.000000000000007
 31
0.0
  0
LINE
  5
357
330
34F
100
AcDbEntity
  8
0
  6
Continuous
 62
     0
370
    18
100
AcDbLine
 10
-5.000000000000004
 20
0.0
 30
0.0
 11
-8.000000000000007
 21
0.0
 31
0.0
  0
LINE
  5
358
330
34F
100
AcDbEntity
  8
0
  6
Continuous
 62
     0
370
    18
100
AcDbLine
 10
0.0
 20
-5.00000000000006
 30
0.0
 11
0.0
 21
-8.000000000000007
 31
0.0
  0
LINE
  5
359
330
34F
100
AcDbEntity
  8
0
  6
Continuous
 62
     0
370
    18
100
AcDbLine
 10
5.000000000000004
 20
0.0
 30
0.0
 11
8.000000000000007
 21
0.0
 31
0.0
  0
ENDBLK
  5
351
330
34F
100
AcDbEntity
  8
0
100
AcDbBlockEnd
  0
BLOCK
  5
5DE
330
5DD
100
AcDbEntity
  8
0
100
AcDbBlockBegin
  2
*D32
 70
     1
 10
0.0
 20
0.0
 30
0.0
  3
*D32
  1

  0
LINE
  5
628
330
5DD
100
AcDbEntity
  8
标注
 62
     0
440
 16777216
370
    -2
100
AcDbLine
 10
440.0530085653105
 20
502.8045074946468
 30
0.0
 11
440.0530085653105
 21
526.1168097465924
 31
0.0
  0
LINE
  5
629
330
5DD
100
AcDbEntity
  8
标注
 62
     0
440
 16777216
370
    -2
100
AcDbLine
 10
639.6530085653105
 20
502.8045074946468
 30
0.0
 11
639.6530085653105
 21
526.1168097465924
 31
0.0
  0
LINE
  5
62A
330
5DD
100
AcDbEntity
  8
标注
 62
     0
440
 16777216
370
    -2
100
AcDbLine
 10
443.6090085653105
 20
525.1168097465924
 30
0.0
 11
636.0970085653105
 21
525.1168097465924
 31
0.0
  0
SOLID
  5
62B
330
5DD
100
AcDbEntity
  8
标注
 62
     0
440
 16777216
100
AcDbTrace
 10
443.6090085653105
 20
525.7094764132591
 30
0.0
 11
443.6090085653105
 21
524.5241430799258
 31
0.0
 12
440.0530085653105
 22
525.1168097465924
 32
0.0
 13
440.0530085653105
 23
525.1168097465924
 33
0.0
  0
SOLID
  5
62C
330
5DD
100
AcDbEntity
  8
标注
 62
     0
440
 16777216
100
AcDbTrace
 10
636.0970085653105
 20
525.7094764132591
 30
0.0
 11
636.0970085653105
 21
524.5241430799258
 31
0.0
 12
639.6530085653105
 22
525.1168097465924
 32
0.0
 13
639.6530085653105
 23
525.1168097465924
 33
0.0
  0
MTEXT
  5
62D
330
5DD
100
AcDbEntity
  8
标注
 62
     0
440
 16777216
100
AcDbMText
 10
539.8530085653105
 20
528.6824764132591
 30
0.0
 40
3.5
 41
0.0
 46
0.0
 71
     5
 72
     1
  1
99,80
 73
     1
 44
1.0
  0
POINT
  5
62E
330
5DD
100
AcDbEntity
  8
Defpoints
 62
     0
440
 16777216
100
AcDbPoint
 10
440.0530085653105
 20
501.8045074946467
 30
0.0
  0
POINT
  5
62F
330
5DD
100
AcDbEntity
  8
Defpoints
 62
     0
440
 16777216
100
AcDbPoint
 10
639.6530085653105
 20
501.8045074946467
 30
0.0
  0
POINT
  5
630
330
5DD
100
AcDbEntity
  8
Defpoints
 62
     0
440
 16777216
100
AcDbPoint
 10
639.6530085653105
 20
525.1168097465924
 30
0.0
  0
ENDBLK
  5
5DF
330
5DD
100
AcDbEntity
  8
0
100
AcDbBlockEnd
  0
ENDSEC
  0
SECTION
  2
ENTITIES
  0
LINE
  5
64
330
1F
100
AcDbEntity
  8
0
  6
Continuous
 62
     7
370
    50
100
AcDbLine
 10
999.0000000000001
 20
14.25
 30
0.0
 11
1179.0
 21
14.25
 31
0.0
  0
LINE
  5
65
330
1F
100
AcDbEntity
  8
0
  6
Continuous
 62
     7
370
    50
100
AcDbLine
 10
1179.0
 20
48.25
 30
0.0
 11
999.0000000000001
 21
48.25
 31
0.0
  0
LINE
  5
66
330
1F
100
AcDbEntity
  8
0
  6
Continuous
 62
     7
370
    50
100
AcDbLine
 10
999.0000000000001
 20
65.25
 30
0.0
 11
1179.0
 21
65.25
 31
0.0
  0
LINE
  5
67
330
1F
100
AcDbEntity
  8
0
  6
Continuous
 62
     7
370
    50
100
AcDbLine
 10
1025.990952433792
 20
48.25
 30
0.0
 11
1025.990952433792
 21
9.999999999999946
 31
0.0
  0
LINE
  5
68
330
1F
100
AcDbEntity
  8
0
  6
Continuous
 62
     7
370
    50
100
AcDbLine
 10
1097.8
 20
31.25
 30
0.0
 11
999.0000000000001
 21
31.25
 31
0.0
  0
LINE
  5
69
330
1F
100
AcDbEntity
  8
0
  6
Continuous
 62
     7
370
    50
100
AcDbLine
 10
1097.8
 20
35.5
 30
0.0
 11
999.0000000000001
 21
35.5
 31
0.0
  0
LINE
  5
6A
330
1F
100
AcDbEntity
  8
0
  6
Continuous
 62
     7
370
    50
100
AcDbLine
 10
1097.8
 20
39.75
 30
0.0
 11
999.0000000000001
 21
39.75
 31
0.0
  0
LINE
  5
6B
330
1F
100
AcDbEntity
  8
0
  6
Continuous
 62
     7
370
    50
100
AcDbLine
 10
1097.8
 20
44.0
 30
0.0
 11
999.0000000000001
 21
44.0
 31
0.0
  0
LINE
  5
6C
330
1F
100
AcDbEntity
  8
0
  6
Continuous
 62
     7
370
    50
100
AcDbLine
 10
1053.6
 20
10.0
 30
0.0
 11
1053.6
 21
48.25
 31
0.0
  0
LINE
  5
6D
330
1F
100
AcDbEntity
  8
0
  6
Continuous
 62
     7
370
    50
100
AcDbLine
 10
999.0000000000001
 20
65.25
 30
0.0
 11
999.0000000000001
 21
10.0
 31
0.0
  0
LINE
  5
6E
330
1F
100
AcDbEntity
  8
0
  6
Continuous
 62
     7
370
    50
100
AcDbLine
 10
1006.8
 20
48.25
 30
0.0
 11
1006.8
 21
10.0
 31
0.0
  0
LINE
  5
6F
330
1F
100
AcDbEntity
  8
0
  6
Continuous
 62
     7
370
    50
100
AcDbLine
 10
1032.8
 20
48.25
 30
0.0
 11
1032.8
 21
65.25
 31
0.0
  0
LINE
  5
70
330
1F
100
AcDbEntity
  8
0
  6
Continuous
 62
     7
370
    50
100
AcDbLine
 10
1043.39892616354
 20
48.25
 30
0.0
 11
1043.39892616354
 21
10.0
 31
0.0
  0
LINE
  5
71
330
1F
100
AcDbEntity
  8
0
  6
Continuous
 62
     7
370
    50
100
AcDbLine
 10
1064.0
 20
31.25
 30
0.0
 11
1064.0
 21
48.25
 31
0.0
  0
LINE
  5
72
330
1F
100
AcDbEntity
  8
0
  6
Continuous
 62
     7
370
    50
100
AcDbLine
 10
1053.6
 20
18.5
 30
0.0
 11
999.0000000000001
 21
18.5
 31
0.0
  0
LINE
  5
73
330
1F
100
AcDbEntity
  8
0
  6
Continuous
 62
     7
370
    50
100
AcDbLine
 10
1079.6
 20
65.25
 30
0.0
 11
1079.6
 21
27.0
 31
0.0
  0
LINE
  5
74
330
1F
100
AcDbEntity
  8
0
  6
Continuous
 62
     7
370
    50
100
AcDbLine
 10
1053.6
 20
22.749928
 30
0.0
 11
999.0000000000001
 21
22.749928
 31
0.0
  0
LINE
  5
75
330
1F
100
AcDbEntity
  8
0
  6
Continuous
 62
     7
370
    50
100
AcDbLine
 10
1053.6
 20
27.0
 30
0.0
 11
999.0000000000001
 21
27.0
 31
0.0
  0
LINE
  5
76
330
1F
100
AcDbEntity
  8
0
  6
Continuous
 62
     7
370
    50
100
AcDbLine
 10
1053.6
 20
27.0
 30
0.0
 11
1179.0
 21
27.0
 31
0.0
  0
LINE
  5
77
330
1F
100
AcDbEntity
  8
0
  6
Continuous
 62
     7
370
    50
100
AcDbLine
 10
1097.8
 20
65.25
 30
0.0
 11
1097.8
 21
10.0
 31
0.0
  0
LINE
  5
78
330
1F
100
AcDbEntity
  8
0
  6
Continuous
 62
     7
370
    50
100
AcDbLine
 10
1142.0
 20
10.0
 30
0.0
 11
1142.0
 21
14.25
 31
0.0
  0
LINE
  5
79
330
1F
100
AcDbEntity
  8
0
  6
Continuous
 62
     7
370
    50
100
AcDbLine
 10
1149.8
 20
58.875
 30
0.0
 11
1149.8
 21
65.25
 31
0.0
  0
LINE
  5
7A
330
1F
100
AcDbEntity
  8
0
  6
Continuous
 62
     7
370
    50
100
AcDbLine
 10
1166.0
 20
14.25
 30
0.0
 11
1166.0
 21
27.0
 31
0.0
  0
LINE
  5
7B
330
1F
100
AcDbEntity
  8
0
  6
Continuous
 62
     7
370
    50
100
AcDbLine
 10
1179.0
 20
58.875
 30
0.0
 11
1097.8
 21
58.875
 31
0.0
  0
LINE
  5
7C
330
1F
100
AcDbEntity
  8
0
  6
Continuous
 62
     7
370
    50
100
AcDbLine
 10
1179.0
 20
18.5
 30
0.0
 11
1166.0
 21
18.5
 31
0.0
  0
LINE
  5
7D
330
1F
100
AcDbEntity
  8
0
  6
Continuous
 62
     7
370
    70
100
AcDbLine
 10
20.0
 20
10.0
 30
0.0
 11
20.0
 21
831.0
 31
0.0
  0
LINE
  5
7E
330
1F
100
AcDbEntity
  8
0
  6
Continuous
 62
     7
370
    70
100
AcDbLine
 10
20.0
 20
831.0
 30
0.0
 11
1179.0
 21
831.0
 31
0.0
  0
LINE
  5
7F
330
1F
100
AcDbEntity
  8
0
  6
Continuous
 62
     7
370
    70
100
AcDbLine
 10
1179.0
 20
831.0
 30
0.0
 11
1179.0
 21
10.0
 31
0.0
  0
LINE
  5
80
330
1F
100
AcDbEntity
  8
0
  6
Continuous
 62
     7
370
    70
100
AcDbLine
 10
1179.0
 20
10.0
 30
0.0
 11
20.0
 21
10.0
 31
0.0
  0
LINE
  5
81
330
1F
100
AcDbEntity
  8
0
  6
Continuous
 62
     7
370
    70
100
AcDbLine
 10
15.0
 20
5.0
 30
0.0
 11
15.0
 21
836.0
 31
0.0
  0
LINE
  5
82
330
1F
100
AcDbEntity
  8
0
  6
Continuous
 62
     7
370
    70
100
AcDbLine
 10
15.0
 20
836.0
 30
0.0
 11
1184.0
 21
836.0
 31
0.0
  0
LINE
  5
83
330
1F
100
AcDbEntity
  8
0
  6
Continuous
 62
     7
370
    70
100
AcDbLine
 10
1184.0
 20
836.0
 30
0.0
 11
1184.0
 21
5.0
 31
0.0
  0
LINE
  5
84
330
1F
100
AcDbEntity
  8
0
  6
Continuous
 62
     7
370
    70
100
AcDbLine
 10
1184.0
 20
5.0
 30
0.0
 11
15.0
 21
5.0
 31
0.0
  0
LINE
  5
85
330
1F
100
AcDbEntity
  8
0
  6
Continuous
 62
     7
370
    35
100
AcDbLine
 10
15.0
 20
420.5
 30
0.0
 11
25.0
 21
420.5
 31
0.0
  0
LINE
  5
86
330
1F
100
AcDbEntity
  8
0
  6
Continuous
 62
     7
370
    35
100
AcDbLine
 10
599.5
 20
836.0
 30
0.0
 11
599.5
 21
826.0
 31
0.0
  0
LINE
  5
87
330
1F
100
AcDbEntity
  8
0
  6
Continuous
 62
     7
370
    35
100
AcDbLine
 10
1184.0
 20
420.5
 30
0.0
 11
1174.0
 21
420.5
 31
0.0
  0
LINE
  5
88
330
1F
100
AcDbEntity
  8
0
  6
Continuous
 62
     7
370
    35
100
AcDbLine
 10
599.5
 20
5.0
 30
0.0
 11
599.5
 21
15.0
 31
0.0
  0
LINE
  5
89
330
1F
100
AcDbEntity
  8
0
  6
Continuous
 62
     7
370
    35
100
AcDbLine
 10
20.0
 20
70.49999999999996
 30
0.0
 11
15.0
 21
70.49999999999996
 31
0.0
  0
LINE
  5
8A
330
1F
100
AcDbEntity
  8
0
  6
Continuous
 62
     7
370
    35
100
AcDbLine
 10
1179.0
 20
70.49999999999996
 30
0.0
 11
1184.0
 21
70.49999999999996
 31
0.0
  0
LINE
  5
8B
330
1F
100
AcDbEntity
  8
0
  6
Continuous
 62
     7
370
    35
100
AcDbLine
 10
20.0
 20
120.4999999999999
 30
0.0
 11
15.0
 21
120.4999999999999
 31
0.0
  0
LINE
  5
8C
330
1F
100
AcDbEntity
  8
0
  6
Continuous
 62
     7
370
    35
100
AcDbLine
 10
1179.0
 20
120.4999999999999
 30
0.0
 11
1184.0
 21
120.4999999999999
 31
0.0
  0
LINE
  5
8D
330
1F
100
AcDbEntity
  8
0
  6
Continuous
 62
     7
370
    35
100
AcDbLine
 10
20.0
 20
170.5
 30
0.0
 11
15.0
 21
170.5
 31
0.0
  0
LINE
  5
8E
330
1F
100
AcDbEntity
  8
0
  6
Continuous
 62
     7
370
    35
100
AcDbLine
 10
1179.0
 20
170.5
 30
0.0
 11
1184.0
 21
170.5
 31
0.0
  0
LINE
  5
8F
330
1F
100
AcDbEntity
  8
0
  6
Continuous
 62
     7
370
    35
100
AcDbLine
 10
20.0
 20
220.5
 30
0.0
 11
15.0
 21
220.5
 31
0.0
  0
LINE
  5
90
330
1F
100
AcDbEntity
  8
0
  6
Continuous
 62
     7
370
    35
100
AcDbLine
 10
1179.0
 20
220.5
 30
0.0
 11
1184.0
 21
220.5
 31
0.0
  0
LINE
  5
91
330
1F
100
AcDbEntity
  8
0
  6
Continuous
 62
     7
370
    35
100
AcDbLine
 10
20.0
 20
270.5
 30
0.0
 11
15.0
 21
270.5
 31
0.0
  0
LINE
  5
92
330
1F
100
AcDbEntity
  8
0
  6
Continuous
 62
     7
370
    35
100
AcDbLine
 10
1179.0
 20
270.5
 30
0.0
 11
1184.0
 21
270.5
 31
0.0
  0
LINE
  5
93
330
1F
100
AcDbEntity
  8
0
  6
Continuous
 62
     7
370
    35
100
AcDbLine
 10
20.0
 20
320.5
 30
0.0
 11
15.0
 21
320.5
 31
0.0
  0
LINE
  5
94
330
1F
100
AcDbEntity
  8
0
  6
Continuous
 62
     7
370
    35
100
AcDbLine
 10
1179.0
 20
320.5
 30
0.0
 11
1184.0
 21
320.5
 31
0.0
  0
LINE
  5
95
330
1F
100
AcDbEntity
  8
0
  6
Continuous
 62
     7
370
    35
100
AcDbLine
 10
20.0
 20
370.5
 30
0.0
 11
15.0
 21
370.5
 31
0.0
  0
LINE
  5
96
330
1F
100
AcDbEntity
  8
0
  6
Continuous
 62
     7
370
    35
100
AcDbLine
 10
1179.0
 20
370.5
 30
0.0
 11
1184.0
 21
370.5
 31
0.0
  0
LINE
  5
97
330
1F
100
AcDbEntity
  8
0
  6
Continuous
 62
     7
370
    35
100
AcDbLine
 10
20.0
 20
420.5
 30
0.0
 11
15.0
 21
420.5
 31
0.0
  0
LINE
  5
98
330
1F
100
AcDbEntity
  8
0
  6
Continuous
 62
     7
370
    35
100
AcDbLine
 10
1179.0
 20
420.5
 30
0.0
 11
1184.0
 21
420.5
 31
0.0
  0
LINE
  5
99
330
1F
100
AcDbEntity
  8
0
  6
Continuous
 62
     7
370
    35
100
AcDbLine
 10
20.0
 20
470.5
 30
0.0
 11
15.0
 21
470.5
 31
0.0
  0
LINE
  5
9A
330
1F
100
AcDbEntity
  8
0
  6
Continuous
 62
     7
370
    35
100
AcDbLine
 10
1179.0
 20
470.5
 30
0.0
 11
1184.0
 21
470.5
 31
0.0
  0
LINE
  5
9B
330
1F
100
AcDbEntity
  8
0
  6
Continuous
 62
     7
370
    35
100
AcDbLine
 10
20.0
 20
520.5
 30
0.0
 11
15.0
 21
520.5
 31
0.0
  0
LINE
  5
9C
330
1F
100
AcDbEntity
  8
0
  6
Continuous
 62
     7
370
    35
100
AcDbLine
 10
1179.0
 20
520.5
 30
0.0
 11
1184.0
 21
520.5
 31
0.0
  0
LINE
  5
9D
330
1F
100
AcDbEntity
  8
0
  6
Continuous
 62
     7
370
    35
100
AcDbLine
 10
20.0
 20
570.5
 30
0.0
 11
15.0
 21
570.5
 31
0.0
  0
LINE
  5
9E
330
1F
100
AcDbEntity
  8
0
  6
Continuous
 62
     7
370
    35
100
AcDbLine
 10
1179.0
 20
570.5
 30
0.0
 11
1184.0
 21
570.5
 31
0.0
  0
LINE
  5
9F
330
1F
100
AcDbEntity
  8
0
  6
Continuous
 62
     7
370
    35
100
AcDbLine
 10
20.0
 20
620.5
 30
0.0
 11
15.0
 21
620.5
 31
0.0
  0
LINE
  5
A0
330
1F
100
AcDbEntity
  8
0
  6
Continuous
 62
     7
370
    35
100
AcDbLine
 10
1179.0
 20
620.5
 30
0.0
 11
1184.0
 21
620.5
 31
0.0
  0
LINE
  5
A1
330
1F
100
AcDbEntity
  8
0
  6
Continuous
 62
     7
370
    35
100
AcDbLine
 10
20.0
 20
670.5
 30
0.0
 11
15.0
 21
670.5
 31
0.0
  0
LINE
  5
A2
330
1F
100
AcDbEntity
  8
0
  6
Continuous
 62
     7
370
    35
100
AcDbLine
 10
1179.0
 20
670.5
 30
0.0
 11
1184.0
 21
670.5
 31
0.0
  0
LINE
  5
A3
330
1F
100
AcDbEntity
  8
0
  6
Continuous
 62
     7
370
    35
100
AcDbLine
 10
20.0
 20
720.5
 30
0.0
 11
15.0
 21
720.5
 31
0.0
  0
LINE
  5
A4
330
1F
100
AcDbEntity
  8
0
  6
Continuous
 62
     7
370
    35
100
AcDbLine
 10
1179.0
 20
720.5
 30
0.0
 11
1184.0
 21
720.5
 31
0.0
  0
LINE
  5
A5
330
1F
100
AcDbEntity
  8
0
  6
Continuous
 62
     7
370
    35
100
AcDbLine
 10
20.0
 20
770.5
 30
0.0
 11
15.0
 21
770.5
 31
0.0
  0
LINE
  5
A6
330
1F
100
AcDbEntity
  8
0
  6
Continuous
 62
     7
370
    35
100
AcDbLine
 10
1179.0
 20
770.5
 30
0.0
 11
1184.0
 21
770.5
 31
0.0
  0
LINE
  5
A7
330
1F
100
AcDbEntity
  8
0
  6
Continuous
 62
     7
370
    35
100
AcDbLine
 10
49.49999999999999
 20
831.0
 30
0.0
 11
49.49999999999999
 21
836.0
 31
0.0
  0
LINE
  5
A8
330
1F
100
AcDbEntity
  8
0
  6
Continuous
 62
     7
370
    35
100
AcDbLine
 10
49.49999999999999
 20
10.0
 30
0.0
 11
49.49999999999999
 21
5.0
 31
0.0
  0
LINE
  5
A9
330
1F
100
AcDbEntity
  8
0
  6
Continuous
 62
     7
370
    35
100
AcDbLine
 10
99.50000000000002
 20
831.0
 30
0.0
 11
99.50000000000002
 21
836.0
 31
0.0
  0
LINE
  5
AA
330
1F
100
AcDbEntity
  8
0
  6
Continuous
 62
     7
370
    35
100
AcDbLine
 10
99.50000000000002
 20
10.0
 30
0.0
 11
99.50000000000002
 21
5.0
 31
0.0
  0
LINE
  5
AB
330
1F
100
AcDbEntity
  8
0
  6
Continuous
 62
     7
370
    35
100
AcDbLine
 10
149.5
 20
831.0
 30
0.0
 11
149.5
 21
836.0
 31
0.0
  0
LINE
  5
AC
330
1F
100
AcDbEntity
  8
0
  6
Continuous
 62
     7
370
    35
100
AcDbLine
 10
149.5
 20
10.0
 30
0.0
 11
149.5
 21
5.0
 31
0.0
  0
LINE
  5
AD
330
1F
100
AcDbEntity
  8
0
  6
Continuous
 62
     7
370
    35
100
AcDbLine
 10
199.5
 20
831.0
 30
0.0
 11
199.5
 21
836.0
 31
0.0
  0
LINE
  5
AE
330
1F
100
AcDbEntity
  8
0
  6
Continuous
 62
     7
370
    35
100
AcDbLine
 10
199.5
 20
10.0
 30
0.0
 11
199.5
 21
5.0
 31
0.0
  0
LINE
  5
AF
330
1F
100
AcDbEntity
  8
0
  6
Continuous
 62
     7
370
    35
100
AcDbLine
 10
249.5
 20
831.0
 30
0.0
 11
249.5
 21
836.0
 31
0.0
  0
LINE
  5
B0
330
1F
100
AcDbEntity
  8
0
  6
Continuous
 62
     7
370
    35
100
AcDbLine
 10
249.5
 20
10.0
 30
0.0
 11
249.5
 21
5.0
 31
0.0
  0
LINE
  5
B1
330
1F
100
AcDbEntity
  8
0
  6
Continuous
 62
     7
370
    35
100
AcDbLine
 10
299.5
 20
831.0
 30
0.0
 11
299.5
 21
836.0
 31
0.0
  0
LINE
  5
B2
330
1F
100
AcDbEntity
  8
0
  6
Continuous
 62
     7
370
    35
100
AcDbLine
 10
299.5
 20
10.0
 30
0.0
 11
299.5
 21
5.0
 31
0.0
  0
LINE
  5
B3
330
1F
100
AcDbEntity
  8
0
  6
Continuous
 62
     7
370
    35
100
AcDbLine
 10
349.5
 20
831.0
 30
0.0
 11
349.5
 21
836.0
 31
0.0
  0
LINE
  5
B4
330
1F
100
AcDbEntity
  8
0
  6
Continuous
 62
     7
370
    35
100
AcDbLine
 10
349.5
 20
10.0
 30
0.0
 11
349.5
 21
5.0
 31
0.0
  0
LINE
  5
B5
330
1F
100
AcDbEntity
  8
0
  6
Continuous
 62
     7
370
    35
100
AcDbLine
 10
399.5
 20
831.0
 30
0.0
 11
399.5
 21
836.0
 31
0.0
  0
LINE
  5
B6
330
1F
100
AcDbEntity
  8
0
  6
Continuous
 62
     7
370
    35
100
AcDbLine
 10
399.5
 20
10.0
 30
0.0
 11
399.5
 21
5.0
 31
0.0
  0
LINE
  5
B7
330
1F
100
AcDbEntity
  8
0
  6
Continuous
 62
     7
370
    35
100
AcDbLine
 10
449.5
 20
831.0
 30
0.0
 11
449.5
 21
836.0
 31
0.0
  0
LINE
  5
B8
330
1F
100
AcDbEntity
  8
0
  6
Continuous
 62
     7
370
    35
100
AcDbLine
 10
449.5
 20
10.0
 30
0.0
 11
449.5
 21
5.0
 31
0.0
  0
LINE
  5
B9
330
1F
100
AcDbEntity
  8
0
  6
Continuous
 62
     7
370
    35
100
AcDbLine
 10
499.5
 20
831.0
 30
0.0
 11
499.5
 21
836.0
 31
0.0
  0
LINE
  5
BA
330
1F
100
AcDbEntity
  8
0
  6
Continuous
 62
     7
370
    35
100
AcDbLine
 10
499.5
 20
10.0
 30
0.0
 11
499.5
 21
5.0
 31
0.0
  0
LINE
  5
BB
330
1F
100
AcDbEntity
  8
0
  6
Continuous
 62
     7
370
    35
100
AcDbLine
 10
549.5
 20
831.0
 30
0.0
 11
549.5
 21
836.0
 31
0.0
  0
LINE
  5
BC
330
1F
100
AcDbEntity
  8
0
  6
Continuous
 62
     7
370
    35
100
AcDbLine
 10
549.5
 20
10.0
 30
0.0
 11
549.5
 21
5.0
 31
0.0
  0
LINE
  5
BD
330
1F
100
AcDbEntity
  8
0
  6
Continuous
 62
     7
370
    35
100
AcDbLine
 10
599.5
 20
831.0
 30
0.0
 11
599.5
 21
836.0
 31
0.0
  0
LINE
  5
BE
330
1F
100
AcDbEntity
  8
0
  6
Continuous
 62
     7
370
    35
100
AcDbLine
 10
599.5
 20
10.0
 30
0.0
 11
599.5
 21
5.0
 31
0.0
  0
LINE
  5
BF
330
1F
100
AcDbEntity
  8
0
  6
Continuous
 62
     7
370
    35
100
AcDbLine
 10
649.5
 20
831.0
 30
0.0
 11
649.5
 21
836.0
 31
0.0
  0
LINE
  5
C0
330
1F
100
AcDbEntity
  8
0
  6
Continuous
 62
     7
370
    35
100
AcDbLine
 10
649.5
 20
10.0
 30
0.0
 11
649.5
 21
5.0
 31
0.0
  0
LINE
  5
C1
330
1F
100
AcDbEntity
  8
0
  6
Continuous
 62
     7
370
    35
100
AcDbLine
 10
699.5
 20
831.0
 30
0.0
 11
699.5
 21
836.0
 31
0.0
  0
LINE
  5
C2
330
1F
100
AcDbEntity
  8
0
  6
Continuous
 62
     7
370
    35
100
AcDbLine
 10
699.5
 20
10.0
 30
0.0
 11
699.5
 21
5.0
 31
0.0
  0
LINE
  5
C3
330
1F
100
AcDbEntity
  8
0
  6
Continuous
 62
     7
370
    35
100
AcDbLine
 10
749.5
 20
831.0
 30
0.0
 11
749.5
 21
836.0
 31
0.0
  0
LINE
  5
C4
330
1F
100
AcDbEntity
  8
0
  6
Continuous
 62
     7
370
    35
100
AcDbLine
 10
749.5
 20
10.0
 30
0.0
 11
749.5
 21
5.0
 31
0.0
  0
LINE
  5
C5
330
1F
100
AcDbEntity
  8
0
  6
Continuous
 62
     7
370
    35
100
AcDbLine
 10
799.5
 20
831.0
 30
0.0
 11
799.5
 21
836.0
 31
0.0
  0
LINE
  5
C6
330
1F
100
AcDbEntity
  8
0
  6
Continuous
 62
     7
370
    35
100
AcDbLine
 10
799.5
 20
10.0
 30
0.0
 11
799.5
 21
5.0
 31
0.0
  0
LINE
  5
C7
330
1F
100
AcDbEntity
  8
0
  6
Continuous
 62
     7
370
    35
100
AcDbLine
 10
849.5
 20
831.0
 30
0.0
 11
849.5
 21
836.0
 31
0.0
  0
LINE
  5
C8
330
1F
100
AcDbEntity
  8
0
  6
Continuous
 62
     7
370
    35
100
AcDbLine
 10
849.5
 20
10.0
 30
0.0
 11
849.5
 21
5.0
 31
0.0
  0
LINE
  5
C9
330
1F
100
AcDbEntity
  8
0
  6
Continuous
 62
     7
370
    35
100
AcDbLine
 10
899.5
 20
831.0
 30
0.0
 11
899.5
 21
836.0
 31
0.0
  0
LINE
  5
CA
330
1F
100
AcDbEntity
  8
0
  6
Continuous
 62
     7
370
    35
100
AcDbLine
 10
899.5
 20
10.0
 30
0.0
 11
899.5
 21
5.0
 31
0.0
  0
LINE
  5
CB
330
1F
100
AcDbEntity
  8
0
  6
Continuous
 62
     7
370
    35
100
AcDbLine
 10
949.5
 20
831.0
 30
0.0
 11
949.5
 21
836.0
 31
0.0
  0
LINE
  5
CC
330
1F
100
AcDbEntity
  8
0
  6
Continuous
 62
     7
370
    35
100
AcDbLine
 10
949.5
 20
10.0
 30
0.0
 11
949.5
 21
5.0
 31
0.0
  0
LINE
  5
CD
330
1F
100
AcDbEntity
  8
0
  6
Continuous
 62
     7
370
    35
100
AcDbLine
 10
999.5
 20
831.0
 30
0.0
 11
999.5
 21
836.0
 31
0.0
  0
LINE
  5
CE
330
1F
100
AcDbEntity
  8
0
  6
Continuous
 62
     7
370
    35
100
AcDbLine
 10
999.5
 20
10.0
 30
0.0
 11
999.5
 21
5.0
 31
0.0
  0
LINE
  5
CF
330
1F
100
AcDbEntity
  8
0
  6
Continuous
 62
     7
370
    35
100
AcDbLine
 10
1049.5
 20
831.0
 30
0.0
 11
1049.5
 21
836.0
 31
0.0
  0
LINE
  5
D0
330
1F
100
AcDbEntity
  8
0
  6
Continuous
 62
     7
370
    35
100
AcDbLine
 10
1049.5
 20
10.0
 30
0.0
 11
1049.5
 21
5.0
 31
0.0
  0
LINE
  5
D1
330
1F
100
AcDbEntity
  8
0
  6
Continuous
 62
     7
370
    35
100
AcDbLine
 10
1099.5
 20
831.0
 30
0.0
 11
1099.5
 21
836.0
 31
0.0
  0
LINE
  5
D2
330
1F
100
AcDbEntity
  8
0
  6
Continuous
 62
     7
370
    35
100
AcDbLine
 10
1099.5
 20
10.0
 30
0.0
 11
1099.5
 21
5.0
 31
0.0
  0
LINE
  5
D3
330
1F
100
AcDbEntity
  8
0
  6
Continuous
 62
     7
370
    35
100
AcDbLine
 10
1149.5
 20
831.0
 30
0.0
 11
1149.5
 21
836.0
 31
0.0
  0
LINE
  5
D4
330
1F
100
AcDbEntity
  8
0
  6
Continuous
 62
     7
370
    35
100
AcDbLine
 10
1149.5
 20
10.0
 30
0.0
 11
1149.5
 21
5.0
 31
0.0
  0
MTEXT
  5
D6
330
1F
100
AcDbEntity
  8
0
  6
Continuous
 62
     7
370
     0
100
AcDbMText
 10
17.33968814276159
 20
42.20601270724425
 30
0.0
 40
3.968749999999999
 41
0.0
 46
0.0
 71
     2
 72
     1
  1
A
  7
SLDTEXTSTYLE0
 73
     1
 44
1.0
  0
MTEXT
  5
D7
330
1F
100
AcDbEntity
  8
0
  6
Continuous
 62
     7
370
     0
100
AcDbMText
 10
1181.339688142761
 20
42.20601270724425
 30
0.0
 40
3.968749999999999
 41
0.0
 46
0.0
 71
     2
 72
     1
  1
A
  7
SLDTEXTSTYLE0
 73
     1
 44
1.0
  0
MTEXT
  5
D8
330
1F
100
AcDbEntity
  8
0
  6
Continuous
 62
     7
370
     0
100
AcDbMText
 10
17.47060182411224
 20
97.45601270724421
 30
0.0
 40
3.968749999999999
 41
0.0
 46
0.0
 71
     2
 72
     1
  1
B
  7
SLDTEXTSTYLE0
 73
     1
 44
1.0
  0
MTEXT
  5
D9
330
1F
100
AcDbEntity
  8
0
  6
Continuous
 62
     7
370
     0
100
AcDbMText
 10
1181.470601824112
 20
97.45601270724421
 30
0.0
 40
3.968749999999999
 41
0.0
 46
0.0
 71
     2
 72
     1
  1
B
  7
SLDTEXTSTYLE0
 73
     1
 44
1.0
  0
MTEXT
  5
DA
330
1F
100
AcDbEntity
  8
0
  6
Continuous
 62
     7
370
     0
100
AcDbMText
 10
17.45865890197456
 20
147.4560127072442
 30
0.0
 40
3.968749999999999
 41
0.0
 46
0.0
 71
     2
 72
     1
  1
C
  7
SLDTEXTSTYLE0
 73
     1
 44
1.0
  0
MTEXT
  5
DB
330
1F
100
AcDbEntity
  8
0
  6
Continuous
 62
     7
370
     0
100
AcDbMText
 10
1181.458658901974
 20
147.4560127072442
 30
0.0
 40
3.968749999999999
 41
0.0
 46
0.0
 71
     2
 72
     1
  1
C
  7
SLDTEXTSTYLE0
 73
     1
 44
1.0
  0
MTEXT
  5
DC
330
1F
100
AcDbEntity
  8
0
  6
Continuous
 62
     7
370
     0
100
AcDbMText
 10
17.45268728211522
 20
197.4560127072442
 30
0.0
 40
3.968749999999999
 41
0.0
 46
0.0
 71
     2
 72
     1
  1
D
  7
SLDTEXTSTYLE0
 73
     1
 44
1.0
  0
MTEXT
  5
DD
330
1F
100
AcDbEntity
  8
0
  6
Continuous
 62
     7
370
     0
100
AcDbMText
 10
1181.452687282115
 20
197.4560127072442
 30
0.0
 40
3.968749999999999
 41
0.0
 46
0.0
 71
     2
 72
     1
  1
D
  7
SLDTEXTSTYLE0
 73
     1
 44
1.0
  0
MTEXT
  5
DE
330
1F
100
AcDbEntity
  8
0
  6
Continuous
 62
     7
370
     0
100
AcDbMText
 10
17.50780890509486
 20
247.4560127072443
 30
0.0
 40
3.968749999999999
 41
0.0
 46
0.0
 71
     2
 72
     1
  1
E
  7
SLDTEXTSTYLE0
 73
     1
 44
1.0
  0
MTEXT
  5
DF
330
1F
100
AcDbEntity
  8
0
  6
Continuous
 62
     7
370
     0
100
AcDbMText
 10
1181.507808905095
 20
247.4560127072443
 30
0.0
 40
3.968749999999999
 41
0.0
 46
0.0
 71
     2
 72
     1
  1
E
  7
SLDTEXTSTYLE0
 73
     1
 44
1.0
  0
MTEXT
  5
E0
330
1F
100
AcDbEntity
  8
0
  6
Continuous
 62
     7
370
     0
100
AcDbMText
 10
17.45774020906537
 20
297.4560127072442
 30
0.0
 40
3.968749999999999
 41
0.0
 46
0.0
 71
     2
 72
     1
  1
F
  7
SLDTEXTSTYLE0
 73
     1
 44
1.0
  0
MTEXT
  5
E1
330
1F
100
AcDbEntity
  8
0
  6
Continuous
 62
     7
370
     0
100
AcDbMText
 10
1181.457740209065
 20
297.4560127072443
 30
0.0
 40
3.968749999999999
 41
0.0
 46
0.0
 71
     2
 72
     1
  1
F
  7
SLDTEXTSTYLE0
 73
     1
 44
1.0
  0
MTEXT
  5
E2
330
1F
100
AcDbEntity
  8
0
  6
Continuous
 62
     7
370
     0
100
AcDbMText
 10
17.48667888529598
 20
347.4560127072443
 30
0.0
 40
3.968749999999999
 41
0.0
 46
0.0
 71
     2
 72
     1
  1
G
  7
SLDTEXTSTYLE0
 73
     1
 44
1.0
  0
MTEXT
  5
E3
330
1F
100
AcDbEntity
  8
0
  6
Continuous
 62
     7
370
     0
100
AcDbMText
 10
1181.486678885296
 20
347.4560127072443
 30
0.0
 40
3.968749999999999
 41
0.0
 46
0.0
 71
     2
 72
     1
  1
G
  7
SLDTEXTSTYLE0
 73
     1
 44
1.0
  0
MTEXT
  5
E4
330
1F
100
AcDbEntity
  8
0
  6
Continuous
 62
     7
370
     0
100
AcDbMText
 10
17.49035378359258
 20
397.4560127072443
 30
0.0
 40
3.968749999999999
 41
0.0
 46
0.0
 71
     2
 72
     1
  1
H
  7
SLDTEXTSTYLE0
 73
     1
 44
1.0
  0
MTEXT
  5
E5
330
1F
100
AcDbEntity
  8
0
  6
Continuous
 62
     7
370
     0
100
AcDbMText
 10
1181.490353783592
 20
397.4560127072442
 30
0.0
 40
3.968749999999999
 41
0.0
 46
0.0
 71
     2
 72
     1
  1
H
  7
SLDTEXTSTYLE0
 73
     1
 44
1.0
  0
MTEXT
  5
E6
330
1F
100
AcDbEntity
  8
0
  6
Continuous
 62
     7
370
     0
100
AcDbMText
 10
17.46508974116295
 20
447.4560127072442
 30
0.0
 40
3.968749999999999
 41
0.0
 46
0.0
 71
     2
 72
     1
  1
J
  7
SLDTEXTSTYLE0
 73
     1
 44
1.0
  0
MTEXT
  5
E7
330
1F
100
AcDbEntity
  8
0
  6
Continuous
 62
     7
370
     0
100
AcDbMText
 10
1181.465089741163
 20
447.4560127072442
 30
0.0
 40
3.968749999999999
 41
0.0
 46
0.0
 71
     2
 72
     1
  1
J
  7
SLDTEXTSTYLE0
 73
     1
 44
1.0
  0
MTEXT
  5
E8
330
1F
100
AcDbEntity
  8
0
  6
Continuous
 62
     7
370
     0
100
AcDbMText
 10
17.48851635027677
 20
497.4560127072442
 30
0.0
 40
3.968749999999999
 41
0.0
 46
0.0
 71
     2
 72
     1
  1
K
  7
SLDTEXTSTYLE0
 73
     1
 44
1.0
  0
MTEXT
  5
E9
330
1F
100
AcDbEntity
  8
0
  6
Continuous
 62
     7
370
     0
100
AcDbMText
 10
1181.488516350277
 20
497.4560127072442
 30
0.0
 40
3.968749999999999
 41
0.0
 46
0.0
 71
     2
 72
     1
  1
K
  7
SLDTEXTSTYLE0
 73
     1
 44
1.0
  0
MTEXT
  5
EA
330
1F
100
AcDbEntity
  8
0
  6
Continuous
 62
     7
370
     0
100
AcDbMText
 10
17.454524747096
 20
547.4560127072443
 30
0.0
 40
3.968749999999999
 41
0.0
 46
0.0
 71
     2
 72
     1
  1
L
  7
SLDTEXTSTYLE0
 73
     1
 44
1.0
  0
MTEXT
  5
EB
330
1F
100
AcDbEntity
  8
0
  6
Continuous
 62
     7
370
     0
100
AcDbMText
 10
1181.454524747096
 20
547.4560127072443
 30
0.0
 40
3.968749999999999
 41
0.0
 46
0.0
 71
     2
 72
     1
  1
L
  7
SLDTEXTSTYLE0
 73
     1
 44
1.0
  0
MTEXT
  5
EC
330
1F
100
AcDbEntity
  8
0
  6
Continuous
 62
     7
370
     0
100
AcDbMText
 10
17.36173683963716
 20
597.4560127072444
 30
0.0
 40
3.968749999999999
 41
0.0
 46
0.0
 71
     2
 72
     1
  1
M
  7
SLDTEXTSTYLE0
 73
     1
 44
1.0
  0
MTEXT
  5
ED
330
1F
100
AcDbEntity
  8
0
  6
Continuous
 62
     7
370
     0
100
AcDbMText
 10
1181.361736839637
 20
597.4560127072443
 30
0.0
 40
3.968749999999999
 41
0.0
 46
0.0
 71
     2
 72
     1
  1
M
  7
SLDTEXTSTYLE0
 73
     1
 44
1.0
  0
MTEXT
  5
EE
330
1F
100
AcDbEntity
  8
0
  6
Continuous
 62
     7
370
     0
100
AcDbMText
 10
17.46371158026159
 20
647.4560127072443
 30
0.0
 40
3.968749999999999
 41
0.0
 46
0.0
 71
     2
 72
     1
  1
N
  7
SLDTEXTSTYLE0
 73
     1
 44
1.0
  0
MTEXT
  5
EF
330
1F
100
AcDbEntity
  8
0
  6
Continuous
 62
     7
370
     0
100
AcDbMText
 10
1181.463711580261
 20
647.4560127072443
 30
0.0
 40
3.968749999999999
 41
0.0
 46
0.0
 71
     2
 72
     1
  1
N
  7
SLDTEXTSTYLE0
 73
     1
 44
1.0
  0
MTEXT
  5
F0
330
1F
100
AcDbEntity
  8
0
  6
Continuous
 62
     7
370
     0
100
AcDbMText
 10
17.48484158422798
 20
697.4560127072443
 30
0.0
 40
3.968749999999999
 41
0.0
 46
0.0
 71
     2
 72
     1
  1
P
  7
SLDTEXTSTYLE0
 73
     1
 44
1.0
  0
MTEXT
  5
F1
330
1F
100
AcDbEntity
  8
0
  6
Continuous
 62
     7
370
     0
100
AcDbMText
 10
1181.484841584228
 20
697.4560127072443
 30
0.0
 40
3.968749999999999
 41
0.0
 46
0.0
 71
     2
 72
     1
  1
P
  7
SLDTEXTSTYLE0
 73
     1
 44
1.0
  0
MTEXT
  5
F2
330
1F
100
AcDbEntity
  8
0
  6
Continuous
 62
     7
370
     0
100
AcDbMText
 10
17.4444191576913
 20
747.4560127072444
 30
0.0
 40
3.968749999999999
 41
0.0
 46
0.0
 71
     2
 72
     1
  1
R
  7
SLDTEXTSTYLE0
 73
     1
 44
1.0
  0
MTEXT
  5
F3
330
1F
100
AcDbEntity
  8
0
  6
Continuous
 62
     7
370
     0
100
AcDbMText
 10
1181.444419157691
 20
747.4560127072443
 30
0.0
 40
3.968749999999999
 41
0.0
 46
0.0
 71
     2
 72
     1
  1
R
  7
SLDTEXTSTYLE0
 73
     1
 44
1.0
  0
MTEXT
  5
F4
330
1F
100
AcDbEntity
  8
0
  6
Continuous
 62
     7
370
     0
100
AcDbMText
 10
17.48805694561452
 20
802.7060127072443
 30
0.0
 40
3.968749999999999
 41
0.0
 46
0.0
 71
     2
 72
     1
  1
T
  7
SLDTEXTSTYLE0
 73
     1
 44
1.0
  0
MTEXT
  5
F5
330
1F
100
AcDbEntity
  8
0
  6
Continuous
 62
     7
370
     0
100
AcDbMText
 10
1181.488056945614
 20
802.7060127072443
 30
0.0
 40
3.968749999999999
 41
0.0
 46
0.0
 71
     2
 72
     1
  1
T
  7
SLDTEXTSTYLE0
 73
     1
 44
1.0
  0
MTEXT
  5
F6
330
1F
100
AcDbEntity
  8
0
  6
Continuous
 62
     7
370
     0
100
AcDbMText
 10
34.6700738929212
 20
9.456012707244275
 30
0.0
 40
3.968749999999999
 41
0.0
 46
0.0
 71
     2
 72
     1
  1
24
  7
SLDTEXTSTYLE0
 73
     1
 44
1.0
  0
MTEXT
  5
F7
330
1F
100
AcDbEntity
  8
0
  6
Continuous
 62
     7
370
     0
100
AcDbMText
 10
34.6700738929212
 20
835.4560127072442
 30
0.0
 40
3.968749999999999
 41
0.0
 46
0.0
 71
     2
 72
     1
  1
24
  7
SLDTEXTSTYLE0
 73
     1
 44
1.0
  0
MTEXT
  5
F8
330
1F
100
AcDbEntity
  8
0
  6
Continuous
 62
     7
370
     0
100
AcDbMText
 10
74.42007389292121
 20
9.456012707244275
 30
0.0
 40
3.968749999999999
 41
0.0
 46
0.0
 71
     2
 72
     1
  1
23
  7
SLDTEXTSTYLE0
 73
     1
 44
1.0
  0
MTEXT
  5
F9
330
1F
100
AcDbEntity
  8
0
  6
Continuous
 62
     7
370
     0
100
AcDbMText
 10
74.42007389292124
 20
835.4560127072442
 30
0.0
 40
3.968749999999999
 41
0.0
 46
0.0
 71
     2
 72
     1
  1
23
  7
SLDTEXTSTYLE0
 73
     1
 44
1.0
  0
MTEXT
  5
FA
330
1F
100
AcDbEntity
  8
0
  6
Continuous
 62
     7
370
     0
100
AcDbMText
 10
124.4200738929212
 20
9.456012707244273
 30
0.0
 40
3.968749999999999
 41
0.0
 46
0.0
 71
     2
 72
     1
  1
22
  7
SLDTEXTSTYLE0
 73
     1
 44
1.0
  0
MTEXT
  5
FB
330
1F
100
AcDbEntity
  8
0
  6
Continuous
 62
     7
370
     0
100
AcDbMText
 10
124.4200738929212
 20
835.4560127072442
 30
0.0
 40
3.968749999999999
 41
0.0
 46
0.0
 71
     2
 72
     1
  1
22
  7
SLDTEXTSTYLE0
 73
     1
 44
1.0
  0
MTEXT
  5
FC
330
1F
100
AcDbEntity
  8
0
  6
Continuous
 62
     7
370
     0
100
AcDbMText
 10
174.4200738929212
 20
9.456012707244275
 30
0.0
 40
3.968749999999999
 41
0.0
 46
0.0
 71
     2
 72
     1
  1
21
  7
SLDTEXTSTYLE0
 73
     1
 44
1.0
  0
MTEXT
  5
FD
330
1F
100
AcDbEntity
  8
0
  6
Continuous
 62
     7
370
     0
100
AcDbMText
 10
174.4200738929212
 20
835.4560127072442
 30
0.0
 40
3.968749999999999
 41
0.0
 46
0.0
 71
     2
 72
     1
  1
21
  7
SLDTEXTSTYLE0
 73
     1
 44
1.0
  0
MTEXT
  5
FE
330
1F
100
AcDbEntity
  8
0
  6
Continuous
 62
     7
370
     0
100
AcDbMText
 10
224.4200738929212
 20
9.456012707244276
 30
0.0
 40
3.968749999999999
 41
0.0
 46
0.0
 71
     2
 72
     1
  1
20
  7
SLDTEXTSTYLE0
 73
     1
 44
1.0
  0
MTEXT
  5
FF
330
1F
100
AcDbEntity
  8
0
  6
Continuous
 62
     7
370
     0
100
AcDbMText
 10
224.4200738929212
 20
835.4560127072442
 30
0.0
 40
3.968749999999999
 41
0.0
 46
0.0
 71
     2
 72
     1
  1
20
  7
SLDTEXTSTYLE0
 73
     1
 44
1.0
  0
MTEXT
  5
100
330
1F
100
AcDbEntity
  8
0
  6
Continuous
 62
     7
370
     0
100
AcDbMText
 10
274.4200738929212
 20
9.456012707244275
 30
0.0
 40
3.968749999999999
 41
0.0
 46
0.0
 71
     2
 72
     1
  1
19
  7
SLDTEXTSTYLE0
 73
     1
 44
1.0
  0
MTEXT
  5
101
330
1F
100
AcDbEntity
  8
0
  6
Continuous
 62
     7
370
     0
100
AcDbMText
 10
274.4200738929212
 20
835.4560127072442
 30
0.0
 40
3.968749999999999
 41
0.0
 46
0.0
 71
     2
 72
     1
  1
19
  7
SLDTEXTSTYLE0
 73
     1
 44
1.0
  0
MTEXT
  5
102
330
1F
100
AcDbEntity
  8
0
  6
Continuous
 62
     7
370
     0
100
AcDbMText
 10
324.4200738929212
 20
9.456012707244275
 30
0.0
 40
3.968749999999999
 41
0.0
 46
0.0
 71
     2
 72
     1
  1
18
  7
SLDTEXTSTYLE0
 73
     1
 44
1.0
  0
MTEXT
  5
103
330
1F
100
AcDbEntity
  8
0
  6
Continuous
 62
     7
370
     0
100
AcDbMText
 10
324.4200738929212
 20
835.4560127072442
 30
0.0
 40
3.968749999999999
 41
0.0
 46
0.0
 71
     2
 72
     1
  1
18
  7
SLDTEXTSTYLE0
 73
     1
 44
1.0
  0
MTEXT
  5
104
330
1F
100
AcDbEntity
  8
0
  6
Continuous
 62
     7
370
     0
100
AcDbMText
 10
374.4200738929213
 20
9.456012707244276
 30
0.0
 40
3.968749999999999
 41
0.0
 46
0.0
 71
     2
 72
     1
  1
17
  7
SLDTEXTSTYLE0
 73
     1
 44
1.0
  0
MTEXT
  5
105
330
1F
100
AcDbEntity
  8
0
  6
Continuous
 62
     7
370
     0
100
AcDbMText
 10
374.4200738929212
 20
835.456012707244
 30
0.0
 40
3.968749999999999
 41
0.0
 46
0.0
 71
     2
 72
     1
  1
17
  7
SLDTEXTSTYLE0
 73
     1
 44
1.0
  0
MTEXT
  5
106
330
1F
100
AcDbEntity
  8
0
  6
Continuous
 62
     7
370
     0
100
AcDbMText
 10
424.4200738929212
 20
9.456012707244275
 30
0.0
 40
3.968749999999999
 41
0.0
 46
0.0
 71
     2
 72
     1
  1
16
  7
SLDTEXTSTYLE0
 73
     1
 44
1.0
  0
MTEXT
  5
107
330
1F
100
AcDbEntity
  8
0
  6
Continuous
 62
     7
370
     0
100
AcDbMText
 10
424.4200738929212
 20
835.456012707244
 30
0.0
 40
3.968749999999999
 41
0.0
 46
0.0
 71
     2
 72
     1
  1
16
  7
SLDTEXTSTYLE0
 73
     1
 44
1.0
  0
MTEXT
  5
108
330
1F
100
AcDbEntity
  8
0
  6
Continuous
 62
     7
370
     0
100
AcDbMText
 10
474.4200738929213
 20
9.456012707244275
 30
0.0
 40
3.968749999999999
 41
0.0
 46
0.0
 71
     2
 72
     1
  1
15
  7
SLDTEXTSTYLE0
 73
     1
 44
1.0
  0
MTEXT
  5
109
330
1F
100
AcDbEntity
  8
0
  6
Continuous
 62
     7
370
     0
100
AcDbMText
 10
474.4200738929212
 20
835.456012707244
 30
0.0
 40
3.968749999999999
 41
0.0
 46
0.0
 71
     2
 72
     1
  1
15
  7
SLDTEXTSTYLE0
 73
     1
 44
1.0
  0
MTEXT
  5
10A
330
1F
100
AcDbEntity
  8
0
  6
Continuous
 62
     7
370
     0
100
AcDbMText
 10
524.4200738929212
 20
9.456012707244275
 30
0.0
 40
3.968749999999999
 41
0.0
 46
0.0
 71
     2
 72
     1
  1
14
  7
SLDTEXTSTYLE0
 73
     1
 44
1.0
  0
MTEXT
  5
10B
330
1F
100
AcDbEntity
  8
0
  6
Continuous
 62
     7
370
     0
100
AcDbMText
 10
524.4200738929211
 20
835.456012707244
 30
0.0
 40
3.968749999999999
 41
0.0
 46
0.0
 71
     2
 72
     1
  1
14
  7
SLDTEXTSTYLE0
 73
     1
 44
1.0
  0
MTEXT
  5
10C
330
1F
100
AcDbEntity
  8
0
  6
Continuous
 62
     7
370
     0
100
AcDbMText
 10
574.4200738929213
 20
9.456012707244275
 30
0.0
 40
3.968749999999999
 41
0.0
 46
0.0
 71
     2
 72
     1
  1
13
  7
SLDTEXTSTYLE0
 73
     1
 44
1.0
  0
MTEXT
  5
10D
330
1F
100
AcDbEntity
  8
0
  6
Continuous
 62
     7
370
     0
100
AcDbMText
 10
574.4200738929213
 20
835.4560127072442
 30
0.0
 40
3.968749999999999
 41
0.0
 46
0.0
 71
     2
 72
     1
  1
13
  7
SLDTEXTSTYLE0
 73
     1
 44
1.0
  0
MTEXT
  5
10E
330
1F
100
AcDbEntity
  8
0
  6
Continuous
 62
     7
370
     0
100
AcDbMText
 10
624.4200738929213
 20
9.456012707244273
 30
0.0
 40
3.968749999999999
 41
0.0
 46
0.0
 71
     2
 72
     1
  1
12
  7
SLDTEXTSTYLE0
 73
     1
 44
1.0
  0
MTEXT
  5
10F
330
1F
100
AcDbEntity
  8
0
  6
Continuous
 62
     7
370
     0
100
AcDbMText
 10
624.4200738929213
 20
835.4560127072442
 30
0.0
 40
3.968749999999999
 41
0.0
 46
0.0
 71
     2
 72
     1
  1
12
  7
SLDTEXTSTYLE0
 73
     1
 44
1.0
  0
MTEXT
  5
110
330
1F
100
AcDbEntity
  8
0
  6
Continuous
 62
     7
370
     0
100
AcDbMText
 10
674.4200738929213
 20
9.456012707244273
 30
0.0
 40
3.968749999999999
 41
0.0
 46
0.0
 71
     2
 72
     1
  1
11
  7
SLDTEXTSTYLE0
 73
     1
 44
1.0
  0
MTEXT
  5
111
330
1F
100
AcDbEntity
  8
0
  6
Continuous
 62
     7
370
     0
100
AcDbMText
 10
674.4200738929213
 20
835.4560127072442
 30
0.0
 40
3.968749999999999
 41
0.0
 46
0.0
 71
     2
 72
     1
  1
11
  7
SLDTEXTSTYLE0
 73
     1
 44
1.0
  0
MTEXT
  5
112
330
1F
100
AcDbEntity
  8
0
  6
Continuous
 62
     7
370
     0
100
AcDbMText
 10
724.4200738929213
 20
9.456012707244275
 30
0.0
 40
3.968749999999999
 41
0.0
 46
0.0
 71
     2
 72
     1
  1
10
  7
SLDTEXTSTYLE0
 73
     1
 44
1.0
  0
MTEXT
  5
113
330
1F
100
AcDbEntity
  8
0
  6
Continuous
 62
     7
370
     0
100
AcDbMText
 10
724.4200738929212
 20
835.4560127072442
 30
0.0
 40
3.968749999999999
 41
0.0
 46
0.0
 71
     2
 72
     1
  1
10
  7
SLDTEXTSTYLE0
 73
     1
 44
1.0
  0
MTEXT
  5
114
330
1F
100
AcDbEntity
  8
0
  6
Continuous
 62
     7
370
     0
100
AcDbMText
 10
774.4600369464607
 20
9.456012707244275
 30
0.0
 40
3.968749999999999
 41
0.0
 46
0.0
 71
     2
 72
     1
  1
9
  7
SLDTEXTSTYLE0
 73
     1
 44
1.0
  0
MTEXT
  5
115
330
1F
100
AcDbEntity
  8
0
  6
Continuous
 62
     7
370
     0
100
AcDbMText
 10
774.4600369464607
 20
835.4560127072442
 30
0.0
 40
3.968749999999999
 41
0.0
 46
0.0
 71
     2
 72
     1
  1
9
  7
SLDTEXTSTYLE0
 73
     1
 44
1.0
  0
MTEXT
  5
116
330
1F
100
AcDbEntity
  8
0
  6
Continuous
 62
     7
370
     0
100
AcDbMText
 10
824.4600369464606
 20
9.456012707244275
 30
0.0
 40
3.968749999999999
 41
0.0
 46
0.0
 71
     2
 72
     1
  1
8
  7
SLDTEXTSTYLE0
 73
     1
 44
1.0
  0
MTEXT
  5
117
330
1F
100
AcDbEntity
  8
0
  6
Continuous
 62
     7
370
     0
100
AcDbMText
 10
824.4600369464604
 20
835.4560127072442
 30
0.0
 40
3.968749999999999
 41
0.0
 46
0.0
 71
     2
 72
     1
  1
8
  7
SLDTEXTSTYLE0
 73
     1
 44
1.0
  0
MTEXT
  5
118
330
1F
100
AcDbEntity
  8
0
  6
Continuous
 62
     7
370
     0
100
AcDbMText
 10
874.4600369464606
 20
9.456012707244275
 30
0.0
 40
3.968749999999999
 41
0.0
 46
0.0
 71
     2
 72
     1
  1
7
  7
SLDTEXTSTYLE0
 73
     1
 44
1.0
  0
MTEXT
  5
119
330
1F
100
AcDbEntity
  8
0
  6
Continuous
 62
     7
370
     0
100
AcDbMText
 10
874.4600369464606
 20
835.4560127072442
 30
0.0
 40
3.968749999999999
 41
0.0
 46
0.0
 71
     2
 72
     1
  1
7
  7
SLDTEXTSTYLE0
 73
     1
 44
1.0
  0
MTEXT
  5
11A
330
1F
100
AcDbEntity
  8
0
  6
Continuous
 62
     7
370
     0
100
AcDbMText
 10
924.4600369464608
 20
9.456012707244276
 30
0.0
 40
3.968749999999999
 41
0.0
 46
0.0
 71
     2
 72
     1
  1
6
  7
SLDTEXTSTYLE0
 73
     1
 44
1.0
  0
MTEXT
  5
11B
330
1F
100
AcDbEntity
  8
0
  6
Continuous
 62
     7
370
     0
100
AcDbMText
 10
924.4600369464608
 20
835.4560127072442
 30
0.0
 40
3.968749999999999
 41
0.0
 46
0.0
 71
     2
 72
     1
  1
6
  7
SLDTEXTSTYLE0
 73
     1
 44
1.0
  0
MTEXT
  5
11C
330
1F
100
AcDbEntity
  8
0
  6
Continuous
 62
     7
370
     0
100
AcDbMText
 10
974.4600369464606
 20
9.456012707244275
 30
0.0
 40
3.968749999999999
 41
0.0
 46
0.0
 71
     2
 72
     1
  1
5
  7
SLDTEXTSTYLE0
 73
     1
 44
1.0
  0
MTEXT
  5
11D
330
1F
100
AcDbEntity
  8
0
  6
Continuous
 62
     7
370
     0
100
AcDbMText
 10
974.4600369464606
 20
835.4560127072442
 30
0.0
 40
3.968749999999999
 41
0.0
 46
0.0
 71
     2
 72
     1
  1
5
  7
SLDTEXTSTYLE0
 73
     1
 44
1.0
  0
MTEXT
  5
11E
330
1F
100
AcDbEntity
  8
0
  6
Continuous
 62
     7
370
     0
100
AcDbMText
 10
1024.46003694646
 20
9.456012707244275
 30
0.0
 40
3.968749999999999
 41
0.0
 46
0.0
 71
     2
 72
     1
  1
4
  7
SLDTEXTSTYLE0
 73
     1
 44
1.0
  0
MTEXT
  5
11F
330
1F
100
AcDbEntity
  8
0
  6
Continuous
 62
     7
370
     0
100
AcDbMText
 10
1024.460036946461
 20
835.4560127072442
 30
0.0
 40
3.968749999999999
 41
0.0
 46
0.0
 71
     2
 72
     1
  1
4
  7
SLDTEXTSTYLE0
 73
     1
 44
1.0
  0
MTEXT
  5
120
330
1F
100
AcDbEntity
  8
0
  6
Continuous
 62
     7
370
     0
100
AcDbMText
 10
1074.46003694646
 20
9.456012707244275
 30
0.0
 40
3.968749999999999
 41
0.0
 46
0.0
 71
     2
 72
     1
  1
3
  7
SLDTEXTSTYLE0
 73
     1
 44
1.0
  0
MTEXT
  5
121
330
1F
100
AcDbEntity
  8
0
  6
Continuous
 62
     7
370
     0
100
AcDbMText
 10
1074.46003694646
 20
835.456012707244
 30
0.0
 40
3.968749999999999
 41
0.0
 46
0.0
 71
     2
 72
     1
  1
3
  7
SLDTEXTSTYLE0
 73
     1
 44
1.0
  0
MTEXT
  5
122
330
1F
100
AcDbEntity
  8
0
  6
Continuous
 62
     7
370
     0
100
AcDbMText
 10
1124.460036946461
 20
9.456012707244276
 30
0.0
 40
3.968749999999999
 41
0.0
 46
0.0
 71
     2
 72
     1
  1
2
  7
SLDTEXTSTYLE0
 73
     1
 44
1.0
  0
MTEXT
  5
123
330
1F
100
AcDbEntity
  8
0
  6
Continuous
 62
     7
370
     0
100
AcDbMText
 10
1124.460036946461
 20
835.4560127072442
 30
0.0
 40
3.968749999999999
 41
0.0
 46
0.0
 71
     2
 72
     1
  1
2
  7
SLDTEXTSTYLE0
 73
     1
 44
1.0
  0
MTEXT
  5
124
330
1F
100
AcDbEntity
  8
0
  6
Continuous
 62
     7
370
     0
100
AcDbMText
 10
1164.21003694646
 20
9.456012707244275
 30
0.0
 40
3.968749999999999
 41
0.0
 46
0.0
 71
     2
 72
     1
  1
1
  7
SLDTEXTSTYLE0
 73
     1
 44
1.0
  0
MTEXT
  5
125
330
1F
100
AcDbEntity
  8
0
  6
Continuous
 62
     7
370
     0
100
AcDbMText
 10
1164.21003694646
 20
835.4560127072442
 30
0.0
 40
3.968749999999999
 41
0.0
 46
0.0
 71
     2
 72
     1
  1
1
  7
SLDTEXTSTYLE0
 73
     1
 44
1.0
  0
MTEXT
  5
127
330
1F
100
AcDbEntity
  8
0
  6
Continuous
 62
     7
370
     0
100
AcDbMText
 10
999.6433628978696
 20
42.38478131733651
 30
0.0
 40
1.5
 41
0.0
 46
0.0
 71
     1
 72
     1
  1
DRAWN
  7
SLDTEXTSTYLE1
 73
     1
 44
1.0
  0
MTEXT
  5
128
330
1F
100
AcDbEntity
  8
0
  6
Continuous
 62
     7
370
     0
100
AcDbMText
 10
999.9392221937439
 20
38.1618530186061
 30
0.0
 40
1.5
 41
0.0
 46
0.0
 71
     1
 72
     1
  1
CHK'D
  7
SLDTEXTSTYLE0
 73
     1
 44
1.0
  0
MTEXT
  5
129
330
1F
100
AcDbEntity
  8
0
  6
Continuous
 62
     7
370
     0
100
AcDbMText
 10
999.4017224083208
 20
34.06586662434236
 30
0.0
 40
1.5
 41
0.0
 46
0.0
 71
     1
 72
     1
  1
APPV'D
  7
SLDTEXTSTYLE0
 73
     1
 44
1.0
  0
MTEXT
  5
12A
330
1F
100
AcDbEntity
  8
0
  6
Continuous
 62
     7
370
     0
100
AcDbMText
 10
1000.124010738554
 20
29.71578446078718
 30
0.0
 40
1.5
 41
0.0
 46
0.0
 71
     1
 72
     1
  1
MFG
  7
SLDTEXTSTYLE0
 73
     1
 44
1.0
  0
MTEXT
  5
12B
330
1F
100
AcDbEntity
  8
0
  6
Continuous
 62
     7
370
     0
100
AcDbMText
 10
1000.509036603952
 20
25.50466213200305
 30
0.0
 40
1.5
 41
0.0
 46
0.0
 71
     1
 72
     1
  1
Q.A
  7
SLDTEXTSTYLE0
 73
     1
 44
1.0
  0
INSERT
  5
135
330
1F
100
AcDbEntity
  8
0
  6
Continuous
 62
     7
370
     0
100
AcDbBlockReference
  2
SW_NOTE_0
 10
999.5936687456392
 20
61.98736987427897
 30
0.0
  0
MTEXT
  5
136
330
1F
100
AcDbEntity
  8
0
  6
Continuous
 62
     7
370
     0
100
AcDbMText
 10
1033.37129216683
 20
63.91927199513627
 30
0.0
 40
1.5
 41
0.0
 46
0.0
 71
     1
 72
     1
  1
FINISH:
  7
SLDTEXTSTYLE0
 73
     1
 44
1.0
  0
INSERT
  5
13D
330
1F
100
AcDbEntity
  8
0
  6
Continuous
 62
     7
370
     0
100
AcDbBlockReference
  2
SW_NOTE_0_1
 10
1080.309215686274
 20
62.06948964302886
 30
0.0
  0
MTEXT
  5
13E
330
1F
100
AcDbEntity
  8
0
  6
Continuous
 62
     7
370
     0
100
AcDbMText
 10
1013.322239217683
 20
46.50148263347079
 30
0.0
 40
1.5
 41
0.0
 46
0.0
 71
     1
 72
     1
  1
NAME
  7
SLDTEXTSTYLE0
 73
     1
 44
1.0
  0
MTEXT
  5
13F
330
1F
100
AcDbEntity
  8
0
  6
Continuous
 62
     7
370
     0
100
AcDbMText
 10
1029.033587563176
 20
46.56175637954667
 30
0.0
 40
1.5
 41
0.0
 46
0.0
 71
     1
 72
     1
  1
SIGNATURE
  7
SLDTEXTSTYLE0
 73
     1
 44
1.0
  0
MTEXT
  5
140
330
1F
100
AcDbEntity
  8
0
  6
Continuous
 62
     7
370
     0
100
AcDbMText
 10
1046.214701965719
 20
46.57617922121974
 30
0.0
 40
1.5
 41
0.0
 46
0.0
 71
     1
 72
     1
  1
DATE
  7
SLDTEXTSTYLE0
 73
     1
 44
1.0
  0
MTEXT
  5
141
330
1F
100
AcDbEntity
  8
0
  6
Continuous
 62
     7
370
     0
100
AcDbMText
 10
1054.645862308762
 20
25.9860562892453
 30
0.0
 40
1.5
 41
0.0
 46
0.0
 71
     1
 72
     1
  1
MATERIAL:
  7
SLDTEXTSTYLE0
 73
     1
 44
1.0
  0
MTEXT
  5
142
330
1F
100
AcDbEntity
  8
0
  6
Continuous
 62
     7
370
     0
100
AcDbMText
 10
1111.614640522876
 20
62.5329935750544
 30
0.0
 40
1.5
 41
0.0
 46
0.0
 71
     1
 72
     1
  1
DO NOT SCALE DRAWING
  7
SLDTEXTSTYLE0
 73
     1
 44
1.0
  0
MTEXT
  5
143
330
1F
100
AcDbEntity
  8
0
  6
Continuous
 62
     7
370
     0
100
AcDbMText
 10
1152.327581699346
 20
62.33490868045681
 30
0.0
 40
1.5
 41
0.0
 46
0.0
 71
     1
 72
     1
  1
REVISION
  7
SLDTEXTSTYLE0
 73
     1
 44
1.0
  0
MTEXT
  5
144
330
1F
100
AcDbEntity
  8
0
  6
Continuous
 62
     7
370
     0
100
AcDbMText
 10
1099.090160638974
 20
46.57617922121969
 30
0.0
 40
1.5
 41
0.0
 46
0.0
 71
     1
 72
     1
  1
TITLE:
  7
SLDTEXTSTYLE0
 73
     1
 44
1.0
  0
MTEXT
  5
145
330
1F
100
AcDbEntity
  8
0
  6
Continuous
 62
     7
370
     0
100
AcDbMText
 10
1098.95300221621
 20
25.98605628924532
 30
0.0
 40
1.5
 41
0.0
 46
0.0
 71
     1
 72
     1
  1
DWG NO.
  7
SLDTEXTSTYLE0
 73
     1
 44
1.0
  0
MTEXT
  5
146
330
1F
100
AcDbEntity
  8
0
  6
Continuous
 62
     7
370
     0
100
AcDbMText
 10
1099.073966117492
 20
12.90008727453223
 30
0.0
 40
1.5
 41
0.0
 46
0.0
 71
     1
 72
     1
  1
SCALE:2:1
  7
SLDTEXTSTYLE0
 73
     1
 44
1.0
  0
MTEXT
  5
148
330
1F
100
AcDbEntity
  8
0
  6
Continuous
 62
     7
370
     0
100
AcDbMText
 10
1143.478294427816
 20
12.9000872745322
 30
0.0
 40
1.5
 41
0.0
 46
0.0
 71
     1
 72
     1
  1
SHEET 1 OF 1
  7
SLDTEXTSTYLE2
 73
     1
 44
1.0
  0
MTEXT
  5
149
330
1F
100
AcDbEntity
  8
0
  6
Continuous
 62
     7
370
     0
100
AcDbMText
 10
1169.871156434647
 20
24.40638856899683
 30
0.0
 40
2.910416666666666
 41
0.0
 46
0.0
 71
     1
 72
     1
  1
A0
  7
SLDTEXTSTYLE0
 73
     1
 44
1.0
  0
MTEXT
  5
14A
330
1F
100
AcDbEntity
  8
0
  6
Continuous
 62
     7
370
     0
100
AcDbMText
 10
1076.172653303658
 20
21.48556580782458
 30
0.0
 40
2.381249999999999
 41
0.0
 46
0.0
 71
     2
 72
     1
  1
Material <not specified>
  7
SLDTEXTSTYLE0
 73
     1
 44
1.0
  0
MTEXT
  5
14B
330
1F
100
AcDbEntity
  8
0
  6
Continuous
 62
     7
370
     0
100
AcDbMText
 10
1054.617811128121
 20
12.94931190358806
 30
0.0
 40
1.498599999999999
 41
0.0
 46
0.0
 71
     1
 72
     1
  1
WEIGHT: 4.98
  7
SLDTEXTSTYLE0
 73
     1
 44
1.0
  0
MTEXT
  5
14D
330
1F
100
AcDbEntity
  8
0
  6
Continuous
 62
     7
370
     0
100
AcDbMText
 10
1133.599665914408
 20
23.60691096725082
 30
0.0
 40
6.349999999999999
 41
0.0
 46
0.0
 71
     2
 72
     1
  1
一体板板框_兼容逐飞_V1.1
  7
SLDTEXTSTYLE3
 73
     1
 44
1.0
  0
CIRCLE
  5
14E
330
1F
100
AcDbEntity
  8
孔
  6
Continuous
370
    25
100
AcDbCircle
 10
627.9530085653106
 20
504.0045074946467
 30
0.0
 40
3.0
  0
CIRCLE
  5
14F
330
1F
100
AcDbEntity
  8
孔
  6
Continuous
370
    25
100
AcDbCircle
 10
627.6530085653106
 20
468.4045074946467
 30
0.0
 40
3.399999999999977
  0
LINE
  5
150
330
1F
100
AcDbEntity
  8
安装槽
  6
Continuous
370
    25
100
AcDbLine
 10
616.8530085653105
 20
483.5624456137328
 30
0.0
 11
616.8530085653105
 21
476.7985135912327
 31
0.0
  0
ARC
  5
151
330
1F
100
AcDbEntity
  8
安装槽
  6
Continuous
370
    25
100
AcDbCircle
 10
616.8530085653105
 20
475.7985135912327
 30
0.0
 40
1.0
100
AcDbArc
 50
90.0
 51
0.0
  0
LINE
  5
152
330
1F
100
AcDbEntity
  8
安装槽
  6
Continuous
370
    25
100
AcDbLine
 10
617.8530085653106
 20
475.7985135912327
 30
0.0
 11
619.8530085653105
 21
475.7985135912327
 31
0.0
  0
ARC
  5
153
330
1F
100
AcDbEntity
  8
安装槽
  6
Continuous
370
    25
100
AcDbCircle
 10
620.8530085653105
 20
475.7985135912327
 30
0.0
 40
1.0
100
AcDbArc
 50
180.0
 51
90.0
  0
LINE
  5
154
330
1F
100
AcDbEntity
  8
安装槽
  6
Continuous
370
    25
100
AcDbLine
 10
620.8530085653105
 20
476.7985135912327
 30
0.0
 11
620.8530085653105
 21
483.5624456137328
 31
0.0
  0
ARC
  5
155
330
1F
100
AcDbEntity
  8
安装槽
  6
Continuous
370
    25
100
AcDbCircle
 10
618.8530085653106
 20
485.7985135912326
 30
0.0
 40
2.999999999999987
100
AcDbArc
 50
311.8103148957796
 51
48.18968510422118
  0
LINE
  5
156
330
1F
100
AcDbEntity
  8
安装槽
  6
Continuous
370
    25
100
AcDbLine
 10
620.8530085653105
 20
488.0345815687324
 30
0.0
 11
620.8530085653105
 21
494.7985135912325
 31
0.0
  0
ARC
  5
157
330
1F
100
AcDbEntity
  8
安装槽
  6
Continuous
370
    25
100
AcDbCircle
 10
620.8530085653105
 20
495.7985135912326
 30
0.0
 40
1.0
100
AcDbArc
 50
270.0000000000008
 51
180.0
  0
LINE
  5
158
330
1F
100
AcDbEntity
  8
安装槽
  6
Continuous
370
    25
100
AcDbLine
 10
619.8530085653105
 20
495.7985135912326
 30
0.0
 11
617.8530085653106
 21
495.7985135912326
 31
0.0
  0
ARC
  5
159
330
1F
100
AcDbEntity
  8
安装槽
  6
Continuous
370
    25
100
AcDbCircle
 10
616.8530085653105
 20
495.7985135912326
 30
0.0
 40
1.0
100
AcDbArc
 50
0.0
 51
270.0000000000008
  0
LINE
  5
15A
330
1F
100
AcDbEntity
  8
安装槽
  6
Continuous
370
    25
100
AcDbLine
 10
616.8530085653105
 20
494.7985135912325
 30
0.0
 11
616.8530085653105
 21
488.0345815687324
 31
0.0
  0
ARC
  5
15B
330
1F
100
AcDbEntity
  8
安装槽
  6
Continuous
370
    25
100
AcDbCircle
 10
618.8530085653106
 20
485.7985135912326
 30
0.0
 40
2.999999999999987
100
AcDbArc
 50
131.8103148957788
 51
228.1896851042219
  0
LINE
  5
15C
330
1F
100
AcDbEntity
  8
槽
  6
Continuous
370
    25
100
AcDbLine
 10
611.0930085653107
 20
470.6045074946468
 30
0.0
 11
570.0930085653105
 21
470.6045074946467
 31
0.0
  0
ARC
  5
15D
330
1F
100
AcDbEntity
  8
槽
  6
Continuous
370
    25
100
AcDbCircle
 10
570.0930085653105
 20
468.6045074946467
 30
0.0
 40
2.0
100
AcDbArc
 50
90.0
 51
270.0000000000008
  0
LINE
  5
15E
330
1F
100
AcDbEntity
  8
槽
  6
Continuous
370
    25
100
AcDbLine
 10
570.0930085653105
 20
466.6045074946467
 30
0.0
 11
611.0930085653107
 21
466.6045074946468
 31
0.0
  0
ARC
  5
15F
330
1F
100
AcDbEntity
  8
槽
  6
Continuous
370
    25
100
AcDbCircle
 10
611.0930085653107
 20
468.6045074946467
 30
0.0
 40
2.0
100
AcDbArc
 50
270.0000000000008
 51
90.0
  0
LINE
  5
160
330
1F
100
AcDbEntity
  8
槽
  6
Continuous
370
    25
100
AcDbLine
 10
603.0355432802597
 20
483.6045074946467
 30
0.0
 11
549.0355432802598
 21
483.6045074946467
 31
0.0
  0
ARC
  5
161
330
1F
100
AcDbEntity
  8
槽
  6
Continuous
370
    25
100
AcDbCircle
 10
549.0355432802598
 20
481.6045074946467
 30
0.0
 40
2.0
100
AcDbArc
 50
90.0
 51
270.0000000000008
  0
LINE
  5
162
330
1F
100
AcDbEntity
  8
槽
  6
Continuous
370
    25
100
AcDbLine
 10
549.0355432802598
 20
479.6045074946467
 30
0.0
 11
603.0355432802597
 21
479.6045074946467
 31
0.0
  0
ARC
  5
163
330
1F
100
AcDbEntity
  8
槽
  6
Continuous
370
    25
100
AcDbCircle
 10
603.0355432802597
 20
481.6045074946467
 30
0.0
 40
2.0
100
AcDbArc
 50
270.0000000000008
 51
90.0
  0
LINE
  5
164
330
1F
100
AcDbEntity
  8
槽
  6
Continuous
370
    25
100
AcDbLine
 10
605.1213096592179
 20
497.5045074946467
 30
0.0
 11
549.121309659218
 21
497.5045074946467
 31
0.0
  0
ARC
  5
165
330
1F
100
AcDbEntity
  8
槽
  6
Continuous
370
    25
100
AcDbCircle
 10
549.121309659218
 20
495.5045074946467
 30
0.0
 40
2.0
100
AcDbArc
 50
90.0
 51
270.0000000000008
  0
LINE
  5
166
330
1F
100
AcDbEntity
  8
槽
  6
Continuous
370
    25
100
AcDbLine
 10
549.121309659218
 20
493.5045074946467
 30
0.0
 11
605.1213096592179
 21
493.5045074946467
 31
0.0
  0
ARC
  5
167
330
1F
100
AcDbEntity
  8
槽
  6
Continuous
370
    25
100
AcDbCircle
 10
605.1213096592179
 20
495.5045074946467
 30
0.0
 40
2.0
100
AcDbArc
 50
270.0000000000008
 51
90.0
  0
CIRCLE
  5
168
330
1F
100
AcDbEntity
  8
孔
  6
Continuous
370
    25
100
AcDbCircle
 10
452.0530085653105
 20
468.4045074946467
 30
0.0
 40
3.400000000000034
  0
LINE
  5
169
330
1F
100
AcDbEntity
  8
槽
  6
Continuous
370
    25
100
AcDbLine
 10
468.6130085653104
 20
466.6045074946467
 30
0.0
 11
509.6130085653106
 21
466.6045074946467
 31
0.0
  0
ARC
  5
16A
330
1F
100
AcDbEntity
  8
槽
  6
Continuous
370
    25
100
AcDbCircle
 10
509.6130085653106
 20
468.6045074946467
 30
0.0
 40
2.0
100
AcDbArc
 50
270.0000000000008
 51
90.0
  0
LINE
  5
16B
330
1F
100
AcDbEntity
  8
槽
  6
Continuous
370
    25
100
AcDbLine
 10
509.6130085653106
 20
470.6045074946467
 30
0.0
 11
468.6130085653104
 21
470.6045074946467
 31
0.0
  0
ARC
  5
16C
330
1F
100
AcDbEntity
  8
槽
  6
Continuous
370
    25
100
AcDbCircle
 10
468.6130085653104
 20
468.6045074946467
 30
0.0
 40
2.0
100
AcDbArc
 50
90.0
 51
270.0000000000008
  0
LINE
  5
16D
330
1F
100
AcDbEntity
  8
安装槽
  6
Continuous
370
    25
100
AcDbLine
 10
443.6530085653105
 20
483.568439517147
 30
0.0
 11
443.6530085653105
 21
476.8045074946467
 31
0.0
  0
ARC
  5
16E
330
1F
100
AcDbEntity
  8
安装槽
  6
Continuous
370
    25
100
AcDbCircle
 10
443.6530085653105
 20
475.8045074946467
 30
0.0
 40
1.0
100
AcDbArc
 50
90.0
 51
0.0
  0
LINE
  5
16F
330
1F
100
AcDbEntity
  8
安装槽
  6
Continuous
370
    25
100
AcDbLine
 10
444.6530085653105
 20
475.8045074946467
 30
0.0
 11
446.6530085653105
 21
475.8045074946467
 31
0.0
  0
ARC
  5
170
330
1F
100
AcDbEntity
  8
安装槽
  6
Continuous
370
    25
100
AcDbCircle
 10
447.6530085653105
 20
475.8045074946467
 30
0.0
 40
1.0
100
AcDbArc
 50
180.0
 51
90.0
  0
LINE
  5
171
330
1F
100
AcDbEntity
  8
安装槽
  6
Continuous
370
    25
100
AcDbLine
 10
447.6530085653105
 20
476.8045074946467
 30
0.0
 11
447.6530085653105
 21
483.568439517147
 31
0.0
  0
ARC
  5
172
330
1F
100
AcDbEntity
  8
安装槽
  6
Continuous
370
    25
100
AcDbCircle
 10
445.6530085653105
 20
485.8045074946467
 30
0.0
 40
2.999999999999987
100
AcDbArc
 50
311.8103148957796
 51
48.18968510422118
  0
LINE
  5
173
330
1F
100
AcDbEntity
  8
安装槽
  6
Continuous
370
    25
100
AcDbLine
 10
447.6530085653105
 20
488.0405754721465
 30
0.0
 11
447.6530085653105
 21
494.8045074946468
 31
0.0
  0
ARC
  5
174
330
1F
100
AcDbEntity
  8
安装槽
  6
Continuous
370
    25
100
AcDbCircle
 10
447.6530085653105
 20
495.8045074946467
 30
0.0
 40
1.0
100
AcDbArc
 50
270.0000000000008
 51
180.0
  0
LINE
  5
175
330
1F
100
AcDbEntity
  8
安装槽
  6
Continuous
370
    25
100
AcDbLine
 10
446.6530085653105
 20
495.8045074946467
 30
0.0
 11
444.6530085653105
 21
495.8045074946467
 31
0.0
  0
ARC
  5
176
330
1F
100
AcDbEntity
  8
安装槽
  6
Continuous
370
    25
100
AcDbCircle
 10
443.6530085653105
 20
495.8045074946467
 30
0.0
 40
1.0
100
AcDbArc
 50
0.0
 51
270.0000000000041
  0
LINE
  5
177
330
1F
100
AcDbEntity
  8
安装槽
  6
Continuous
370
    25
100
AcDbLine
 10
443.6530085653106
 20
494.8045074946468
 30
0.0
 11
443.6530085653105
 21
488.0405754721465
 31
0.0
  0
ARC
  5
178
330
1F
100
AcDbEntity
  8
安装槽
  6
Continuous
370
    25
100
AcDbCircle
 10
445.6530085653105
 20
485.8045074946467
 30
0.0
 40
2.999999999999987
100
AcDbArc
 50
131.8103148957788
 51
228.1896851042219
  0
CIRCLE
  5
179
330
1F
100
AcDbEntity
  8
孔
  6
Continuous
370
    25
100
AcDbCircle
 10
627.6530085653106
 20
436.4045074946467
 30
0.0
 40
4.500000000000113
  0
LINE
  5
17A
330
1F
100
AcDbEntity
  8
安装槽
  6
Continuous
370
    25
100
AcDbLine
 10
619.6530085653107
 20
430.4045074946467
 30
0.0
 11
617.6530085653107
 21
430.4045074946467
 31
0.0
  0
ARC
  5
17B
330
1F
100
AcDbEntity
  8
安装槽
  6
Continuous
370
    25
100
AcDbCircle
 10
616.6530085653107
 20
430.4045074946467
 30
0.0
 40
1.0
100
AcDbArc
 50
0.0
 51
270.0000000000008
  0
LINE
  5
17C
330
1F
100
AcDbEntity
  8
安装槽
  6
Continuous
370
    25
100
AcDbLine
 10
616.6530085653107
 20
429.4045074946467
 30
0.0
 11
616.6530085653107
 21
422.8045074946467
 31
0.0
  0
ARC
  5
17D
330
1F
100
AcDbEntity
  8
安装槽
  6
Continuous
370
    25
100
AcDbCircle
 10
618.4530085653107
 20
420.4045074946468
 30
0.0
 40
2.999999999999954
100
AcDbArc
 50
126.8698976458435
 51
233.1301023541572
  0
LINE
  5
17E
330
1F
100
AcDbEntity
  8
安装槽
  6
Continuous
370
    25
100
AcDbLine
 10
616.6530085653107
 20
418.0045074946468
 30
0.0
 11
616.6530085653107
 21
411.4045074946467
 31
0.0
  0
ARC
  5
17F
330
1F
100
AcDbEntity
  8
安装槽
  6
Continuous
370
    25
100
AcDbCircle
 10
616.6530085653107
 20
410.4045074946467
 30
0.0
 40
1.0
100
AcDbArc
 50
90.0
 51
0.0
  0
LINE
  5
180
330
1F
100
AcDbEntity
  8
安装槽
  6
Continuous
370
    25
100
AcDbLine
 10
617.6530085653107
 20
410.4045074946467
 30
0.0
 11
619.6530085653107
 21
410.4045074946467
 31
0.0
  0
ARC
  5
181
330
1F
100
AcDbEntity
  8
安装槽
  6
Continuous
370
    25
100
AcDbCircle
 10
620.6530085653107
 20
410.4045074946467
 30
0.0
 40
1.0
100
AcDbArc
 50
180.0
 51
90.0
  0
LINE
  5
182
330
1F
100
AcDbEntity
  8
安装槽
  6
Continuous
370
    25
100
AcDbLine
 10
620.6530085653107
 20
411.4045074946467
 30
0.0
 11
620.6530085653107
 21
418.0045074946468
 31
0.0
  0
ARC
  5
183
330
1F
100
AcDbEntity
  8
安装槽
  6
Continuous
370
    25
100
AcDbCircle
 10
618.4530085653107
 20
420.4045074946468
 30
0.0
 40
3.255764119219955
100
AcDbArc
 50
312.5104470780025
 51
47.4895529219983
  0
LINE
  5
184
330
1F
100
AcDbEntity
  8
安装槽
  6
Continuous
370
    25
100
AcDbLine
 10
620.6530085653107
 20
422.8045074946467
 30
0.0
 11
620.6530085653107
 21
429.4045074946467
 31
0.0
  0
ARC
  5
185
330
1F
100
AcDbEntity
  8
安装槽
  6
Continuous
370
    25
100
AcDbCircle
 10
620.6530085653107
 20
430.4045074946467
 30
0.0
 40
1.0
100
AcDbArc
 50
270.0000000000008
 51
180.0
  0
LINE
  5
186
330
1F
100
AcDbEntity
  8
槽
  6
Continuous
370
    25
100
AcDbLine
 10
611.0530085653107
 20
440.0045074946468
 30
0.0
 11
567.0530085653106
 21
440.0045074946468
 31
0.0
  0
ARC
  5
187
330
1F
100
AcDbEntity
  8
槽
  6
Continuous
370
    25
100
AcDbCircle
 10
567.0530085653106
 20
437.0045074946467
 30
0.0
 40
3.0
100
AcDbArc
 50
90.0
 51
270.0000000000008
  0
LINE
  5
188
330
1F
100
AcDbEntity
  8
槽
  6
Continuous
370
    25
100
AcDbLine
 10
567.0530085653106
 20
434.0045074946467
 30
0.0
 11
611.0530085653107
 21
434.0045074946468
 31
0.0
  0
ARC
  5
189
330
1F
100
AcDbEntity
  8
槽
  6
Continuous
370
    25
100
AcDbCircle
 10
611.0530085653107
 20
437.0045074946467
 30
0.0
 40
3.0
100
AcDbArc
 50
270.0000000000008
 51
90.0
  0
LINE
  5
18A
330
1F
100
AcDbEntity
  8
槽
  6
Continuous
370
    25
100
AcDbLine
 10
588.0530085653107
 20
419.9045074946467
 30
0.0
 11
573.2530085653106
 21
419.9045074946467
 31
0.0
  0
ARC
  5
18B
330
1F
100
AcDbEntity
  8
槽
  6
Continuous
370
    25
100
AcDbCircle
 10
573.2530085653106
 20
416.9045074946467
 30
0.0
 40
3.0
100
AcDbArc
 50
90.0
 51
270.0000000000008
  0
LINE
  5
18C
330
1F
100
AcDbEntity
  8
槽
  6
Continuous
370
    25
100
AcDbLine
 10
573.2530085653106
 20
413.9045074946467
 30
0.0
 11
588.0530085653107
 21
413.9045074946468
 31
0.0
  0
ARC
  5
18D
330
1F
100
AcDbEntity
  8
槽
  6
Continuous
370
    25
100
AcDbCircle
 10
588.0530085653107
 20
416.9045074946468
 30
0.0
 40
3.0
100
AcDbArc
 50
270.0000000000008
 51
90.0
  0
LINE
  5
18E
330
1F
100
AcDbEntity
  8
槽
  6
Continuous
370
    25
100
AcDbLine
 10
586.0530085653107
 20
407.6045074946468
 30
0.0
 11
549.0530085653106
 21
407.6045074946468
 31
0.0
  0
ARC
  5
18F
330
1F
100
AcDbEntity
  8
槽
  6
Continuous
370
    25
100
AcDbCircle
 10
549.0530085653106
 20
404.6045074946468
 30
0.0
 40
3.0
100
AcDbArc
 50
90.0
 51
270.0000000000008
  0
LINE
  5
190
330
1F
100
AcDbEntity
  8
槽
  6
Continuous
370
    25
100
AcDbLine
 10
549.0530085653106
 20
401.6045074946467
 30
0.0
 11
586.0530085653107
 21
401.6045074946467
 31
0.0
  0
ARC
  5
191
330
1F
100
AcDbEntity
  8
槽
  6
Continuous
370
    25
100
AcDbCircle
 10
586.0530085653107
 20
404.6045074946468
 30
0.0
 40
3.0
100
AcDbArc
 50
270.0000000000008
 51
90.0
  0
CIRCLE
  5
192
330
1F
100
AcDbEntity
  8
孔
  6
Continuous
370
    25
100
AcDbCircle
 10
452.0530085653105
 20
436.4045074946467
 30
0.0
 40
4.5
  0
LINE
  5
193
330
1F
100
AcDbEntity
  8
槽
  6
Continuous
370
    25
100
AcDbLine
 10
468.6530085653105
 20
434.0045074946467
 30
0.0
 11
512.6530085653105
 21
434.0045074946467
 31
0.0
  0
ARC
  5
194
330
1F
100
AcDbEntity
  8
槽
  6
Continuous
370
    25
100
AcDbCircle
 10
512.6530085653105
 20
437.0045074946467
 30
0.0
 40
3.0
100
AcDbArc
 50
270.0000000000008
 51
90.0
  0
LINE
  5
195
330
1F
100
AcDbEntity
  8
槽
  6
Continuous
370
    25
100
AcDbLine
 10
512.6530085653105
 20
440.0045074946468
 30
0.0
 11
468.6530085653105
 21
440.0045074946468
 31
0.0
  0
ARC
  5
196
330
1F
100
AcDbEntity
  8
槽
  6
Continuous
370
    25
100
AcDbCircle
 10
468.6530085653105
 20
437.0045074946467
 30
0.0
 40
3.0
100
AcDbArc
 50
90.0
 51
270.0000000000008
  0
LINE
  5
197
330
1F
100
AcDbEntity
  8
安装槽
  6
Continuous
370
    25
100
AcDbLine
 10
459.0530085653107
 20
429.4045074946467
 30
0.0
 11
459.0530085653107
 21
422.8045074946467
 31
0.0
  0
ARC
  5
198
330
1F
100
AcDbEntity
  8
安装槽
  6
Continuous
370
    25
100
AcDbCircle
 10
461.2530085653106
 20
420.4045074946467
 30
0.0
 40
3.25576411921992
100
AcDbArc
 50
132.5104470779995
 51
227.4895529219992
  0
LINE
  5
199
330
1F
100
AcDbEntity
  8
安装槽
  6
Continuous
370
    25
100
AcDbLine
 10
459.0530085653106
 20
418.0045074946468
 30
0.0
 11
459.0530085653106
 21
411.4045074946467
 31
0.0
  0
ARC
  5
19A
330
1F
100
AcDbEntity
  8
安装槽
  6
Continuous
370
    25
100
AcDbCircle
 10
459.0530085653106
 20
410.4045074946467
 30
0.0
 40
1.0
100
AcDbArc
 50
90.0
 51
0.0
  0
LINE
  5
19B
330
1F
100
AcDbEntity
  8
安装槽
  6
Continuous
370
    25
100
AcDbLine
 10
460.0530085653105
 20
410.4045074946467
 30
0.0
 11
462.0530085653106
 21
410.4045074946467
 31
0.0
  0
ARC
  5
19C
330
1F
100
AcDbEntity
  8
安装槽
  6
Continuous
370
    25
100
AcDbCircle
 10
463.0530085653106
 20
410.4045074946467
 30
0.0
 40
1.0
100
AcDbArc
 50
180.0
 51
90.0
  0
LINE
  5
19D
330
1F
100
AcDbEntity
  8
安装槽
  6
Continuous
370
    25
100
AcDbLine
 10
463.0530085653106
 20
411.4045074946467
 30
0.0
 11
463.0530085653107
 21
418.0045074946468
 31
0.0
  0
ARC
  5
19E
330
1F
100
AcDbEntity
  8
安装槽
  6
Continuous
370
    25
100
AcDbCircle
 10
461.2530085653106
 20
420.4045074946467
 30
0.0
 40
3.000000000000067
100
AcDbArc
 50
306.8698976458468
 51
53.13010235415532
  0
LINE
  5
19F
330
1F
100
AcDbEntity
  8
安装槽
  6
Continuous
370
    25
100
AcDbLine
 10
463.0530085653107
 20
422.8045074946467
 30
0.0
 11
463.0530085653107
 21
429.4045074946467
 31
0.0
  0
ARC
  5
1A0
330
1F
100
AcDbEntity
  8
安装槽
  6
Continuous
370
    25
100
AcDbCircle
 10
463.0530085653106
 20
430.4045074946467
 30
0.0
 40
1.0
100
AcDbArc
 50
270.0000000000041
 51
180.0
  0
LINE
  5
1A1
330
1F
100
AcDbEntity
  8
安装槽
  6
Continuous
370
    25
100
AcDbLine
 10
462.0530085653106
 20
430.4045074946467
 30
0.0
 11
460.0530085653105
 21
430.4045074946467
 31
0.0
  0
ARC
  5
1A2
330
1F
100
AcDbEntity
  8
安装槽
  6
Continuous
370
    25
100
AcDbCircle
 10
459.0530085653106
 20
430.4045074946467
 30
0.0
 40
1.0
100
AcDbArc
 50
0.0
 51
270.0000000000041
  0
LINE
  5
1A3
330
1F
100
AcDbEntity
  8
槽
  6
Continuous
370
    25
100
AcDbLine
 10
493.6530085653106
 20
401.6045074946467
 30
0.0
 11
530.6530085653105
 21
401.6045074946467
 31
0.0
  0
ARC
  5
1A4
330
1F
100
AcDbEntity
  8
槽
  6
Continuous
370
    25
100
AcDbCircle
 10
530.6530085653105
 20
404.6045074946468
 30
0.0
 40
3.0
100
AcDbArc
 50
270.0000000000008
 51
90.0
  0
LINE
  5
1A5
330
1F
100
AcDbEntity
  8
槽
  6
Continuous
370
    25
100
AcDbLine
 10
530.6530085653105
 20
407.6045074946468
 30
0.0
 11
493.6530085653106
 21
407.6045074946468
 31
0.0
  0
ARC
  5
1A6
330
1F
100
AcDbEntity
  8
槽
  6
Continuous
370
    25
100
AcDbCircle
 10
493.6530085653106
 20
404.6045074946468
 30
0.0
 40
3.0
100
AcDbArc
 50
90.0
 51
270.0000000000008
  0
LINE
  5
1A7
330
1F
100
AcDbEntity
  8
槽
  6
Continuous
370
    25
100
AcDbLine
 10
476.6530085653106
 20
424.0045074946467
 30
0.0
 11
516.6530085653106
 21
424.0045074946467
 31
0.0
  0
ARC
  5
1A8
330
1F
100
AcDbEntity
  8
槽
  6
Continuous
370
    25
100
AcDbCircle
 10
516.6530085653106
 20
427.0045074946467
 30
0.0
 40
3.0
100
AcDbArc
 50
270.0000000000008
 51
90.0
  0
LINE
  5
1A9
330
1F
100
AcDbEntity
  8
槽
  6
Continuous
370
    25
100
AcDbLine
 10
516.6530085653106
 20
430.0045074946467
 30
0.0
 11
476.6530085653106
 21
430.0045074946467
 31
0.0
  0
ARC
  5
1AA
330
1F
100
AcDbEntity
  8
槽
  6
Continuous
370
    25
100
AcDbCircle
 10
476.6530085653106
 20
427.0045074946467
 30
0.0
 40
3.0
100
AcDbArc
 50
90.0
 51
270.0000000000008
  0
LINE
  5
1AB
330
1F
100
AcDbEntity
  8
槽
  6
Continuous
370
    25
100
AcDbLine
 10
476.6704738503614
 20
479.6045074946467
 30
0.0
 11
530.6704738503614
 21
479.6045074946467
 31
0.0
  0
ARC
  5
1AC
330
1F
100
AcDbEntity
  8
槽
  6
Continuous
370
    25
100
AcDbCircle
 10
530.6704738503614
 20
481.6045074946467
 30
0.0
 40
2.0
100
AcDbArc
 50
270.0000000000008
 51
90.0
  0
LINE
  5
1AD
330
1F
100
AcDbEntity
  8
槽
  6
Continuous
370
    25
100
AcDbLine
 10
530.6704738503614
 20
483.6045074946467
 30
0.0
 11
476.6704738503614
 21
483.6045074946467
 31
0.0
  0
ARC
  5
1AE
330
1F
100
AcDbEntity
  8
槽
  6
Continuous
370
    25
100
AcDbCircle
 10
476.6704738503614
 20
481.6045074946467
 30
0.0
 40
2.0
100
AcDbArc
 50
90.0
 51
270.0000000000008
  0
LINE
  5
1AF
330
1F
100
AcDbEntity
  8
槽
  6
Continuous
370
    25
100
AcDbLine
 10
474.5847074714032
 20
493.5045074946467
 30
0.0
 11
530.5847074714032
 21
493.5045074946467
 31
0.0
  0
ARC
  5
1B0
330
1F
100
AcDbEntity
  8
槽
  6
Continuous
370
    25
100
AcDbCircle
 10
530.5847074714032
 20
495.5045074946467
 30
0.0
 40
2.0
100
AcDbArc
 50
270.0000000000008
 51
90.0
  0
LINE
  5
1B1
330
1F
100
AcDbEntity
  8
槽
  6
Continuous
370
    25
100
AcDbLine
 10
530.5847074714032
 20
497.5045074946467
 30
0.0
 11
474.5847074714032
 21
497.5045074946467
 31
0.0
  0
ARC
  5
1B2
330
1F
100
AcDbEntity
  8
槽
  6
Continuous
370
    25
100
AcDbCircle
 10
474.5847074714032
 20
495.5045074946467
 30
0.0
 40
2.0
100
AcDbArc
 50
90.0
 51
270.0000000000008
  0
CIRCLE
  5
1B3
330
1F
100
AcDbEntity
  8
孔
  6
Continuous
370
    25
100
AcDbCircle
 10
539.8530085653105
 20
478.0045074946468
 30
0.0
 40
3.0
  0
CIRCLE
  5
1B4
330
1F
100
AcDbEntity
  8
孔
  6
Continuous
370
    25
100
AcDbCircle
 10
539.8530085653105
 20
488.6045074946467
 30
0.0
 40
3.0
  0
CIRCLE
  5
1B5
330
1F
100
AcDbEntity
  8
孔
  6
Continuous
370
    25
100
AcDbCircle
 10
539.8530085653105
 20
503.3045074946467
 30
0.0
 40
3.0
  0
CIRCLE
  5
1B6
330
1F
100
AcDbEntity
  8
孔
  6
Continuous
370
    25
100
AcDbCircle
 10
451.7530085653105
 20
504.0045074946467
 30
0.0
 40
3.0
  0
CIRCLE
  5
1B7
330
1F
100
AcDbEntity
  8
孔
  6
Continuous
370
    25
100
AcDbCircle
 10
539.8530085653105
 20
402.6045074946467
 30
0.0
 40
3.0
  0
CIRCLE
  5
1B8
330
1F
100
AcDbEntity
  8
孔
  6
Continuous
370
    25
100
AcDbCircle
 10
483.6530085653105
 20
416.9045074946467
 30
0.0
 40
3.0
  0
CIRCLE
  5
1B9
330
1F
100
AcDbEntity
  8
孔
  6
Continuous
370
    25
100
AcDbCircle
 10
475.2530085653105
 20
416.9045074946467
 30
0.0
 40
3.0
  0
CIRCLE
  5
1BA
330
1F
100
AcDbEntity
  8
孔
  6
Continuous
370
    25
100
AcDbCircle
 10
453.4530085653105
 20
408.7045074946467
 30
0.0
 40
3.0
  0
CIRCLE
  5
1BB
330
1F
100
AcDbEntity
  8
孔
  6
Continuous
370
    25
100
AcDbCircle
 10
447.6530085653106
 20
402.8045074946467
 30
0.0
 40
3.0
  0
CIRCLE
  5
1BC
330
1F
100
AcDbEntity
  8
孔
  6
Continuous
370
    25
100
AcDbCircle
 10
483.6530085653105
 20
404.6045074946468
 30
0.0
 40
3.0
  0
CIRCLE
  5
1BD
330
1F
100
AcDbEntity
  8
功能孔
  6
Continuous
370
    25
100
AcDbCircle
 10
515.1042712237813
 20
464.5476483163078
 30
0.0
 40
1.999999999999943
  0
CIRCLE
  5
1BE
330
1F
100
AcDbEntity
  8
功能孔
  6
Continuous
370
    25
100
AcDbCircle
 10
515.1042712237813
 20
415.0501736332492
 30
0.0
 40
1.999999999999943
  0
CIRCLE
  5
1BF
330
1F
100
AcDbEntity
  8
功能孔
  6
Continuous
370
    25
100
AcDbCircle
 10
564.6017459068398
 20
415.0501736332493
 30
0.0
 40
2.0
  0
CIRCLE
  5
1C0
330
1F
100
AcDbEntity
  8
功能孔
  6
Continuous
370
    25
100
AcDbCircle
 10
564.6017459068398
 20
464.5476483163079
 30
0.0
 40
2.000000000000056
  0
CIRCLE
  5
1C1
330
1F
100
AcDbEntity
  8
功能孔
  6
Continuous
370
    25
100
AcDbCircle
 10
539.8530085653105
 20
439.7989109747789
 30
0.0
 40
20.49999999999994
  0
LINE
  5
1C2
330
1F
100
AcDbEntity
  8
框
  6
Continuous
370
    25
100
AcDbLine
 10
639.6530085653106
 20
404.4045074946468
 30
0.0
 11
639.6530085653105
 21
501.8045074946466
 31
0.0
  0
ARC
  5
1C3
330
1F
100
AcDbEntity
  8
框
  6
Continuous
370
    25
100
AcDbCircle
 10
631.6530085653106
 20
404.4045074946467
 30
0.0
 40
8.0
100
AcDbArc
 50
270.0
 51
0.0000000000008142
  0
ARC
  5
1C5
330
1F
100
AcDbEntity
  8
框
  6
Continuous
370
    25
100
AcDbCircle
 10
448.0530085653105
 20
404.4045074946467
 30
0.0
 40
8.0
100
AcDbArc
 50
179.9999999999996
 51
270.0000000000017
  0
LINE
  5
1C6
330
1F
100
AcDbEntity
  8
框
  6
Continuous
370
    25
100
AcDbLine
 10
440.0530085653105
 20
501.8045074946466
 30
0.0
 11
440.0530085653105
 21
404.4045074946468
 31
0.0
  0
ARC
  5
1C7
330
1F
100
AcDbEntity
  8
框
  6
Continuous
370
    25
100
AcDbCircle
 10
448.0530085653105
 20
501.8045074946467
 30
0.0
 40
8.0
100
AcDbArc
 50
89.9999999999992
 51
180.0000000000015
  0
ARC
  5
1C9
330
1F
100
AcDbEntity
  8
框
  6
Continuous
370
    25
100
AcDbCircle
 10
631.6530085653105
 20
501.8045074946467
 30
0.0
 40
8.0
100
AcDbArc
 50
0.0
 51
90.0
  0
LINE
  5
1CA
330
1F
100
AcDbEntity
  8
槽
  6
Continuous
370
    25
100
AcDbLine
 10
460.4530085653106
 20
500.3045074946466
 30
0.0
 11
530.2530085653105
 21
500.3045074946466
 31
0.0
  0
ARC
  5
1CB
330
1F
100
AcDbEntity
  8
槽
  6
Continuous
370
    25
100
AcDbCircle
 10
530.2530085653105
 20
503.3045074946467
 30
0.0
 40
3.0
100
AcDbArc
 50
270.0000000000008
 51
90.0
  0
LINE
  5
1CC
330
1F
100
AcDbEntity
  8
槽
  6
Continuous
370
    25
100
AcDbLine
 10
530.2530085653105
 20
506.3045074946467
 30
0.0
 11
460.4530085653106
 21
506.3045074946467
 31
0.0
  0
ARC
  5
1CD
330
1F
100
AcDbEntity
  8
槽
  6
Continuous
370
    25
100
AcDbCircle
 10
460.4530085653106
 20
503.3045074946467
 30
0.0
 40
3.0
100
AcDbArc
 50
90.0
 51
270.0000000000008
  0
LINE
  5
1CE
330
1F
100
AcDbEntity
  8
槽
  6
Continuous
370
    25
100
AcDbLine
 10
476.6704738503614
 20
486.6045074946467
 30
0.0
 11
530.6704738503614
 21
486.6045074946466
 31
0.0
  0
ARC
  5
1CF
330
1F
100
AcDbEntity
  8
槽
  6
Continuous
370
    25
100
AcDbCircle
 10
530.6704738503614
 20
488.6045074946467
 30
0.0
 40
2.000000000000056
100
AcDbArc
 50
270.0000000000008
 51
90.0
  0
LINE
  5
1D0
330
1F
100
AcDbEntity
  8
槽
  6
Continuous
370
    25
100
AcDbLine
 10
530.6704738503614
 20
490.6045074946467
 30
0.0
 11
476.6704738503614
 21
490.6045074946467
 31
0.0
  0
ARC
  5
1D1
330
1F
100
AcDbEntity
  8
槽
  6
Continuous
370
    25
100
AcDbCircle
 10
476.6704738503614
 20
488.6045074946467
 30
0.0
 40
2.0
100
AcDbArc
 50
90.0
 51
270.0000000000008
  0
LINE
  5
1D2
330
1F
100
AcDbEntity
  8
槽
  6
Continuous
370
    25
100
AcDbLine
 10
476.6704738503614
 20
472.6045074946467
 30
0.0
 11
530.6704738503614
 21
472.6045074946467
 31
0.0
  0
ARC
  5
1D3
330
1F
100
AcDbEntity
  8
槽
  6
Continuous
370
    25
100
AcDbCircle
 10
530.6704738503614
 20
474.6045074946467
 30
0.0
 40
2.0
100
AcDbArc
 50
270.0000000000008
 51
90.0
  0
LINE
  5
1D4
330
1F
100
AcDbEntity
  8
槽
  6
Continuous
370
    25
100
AcDbLine
 10
530.6704738503614
 20
476.6045074946467
 30
0.0
 11
476.6704738503614
 21
476.6045074946467
 31
0.0
  0
ARC
  5
1D5
330
1F
100
AcDbEntity
  8
槽
  6
Continuous
370
    25
100
AcDbCircle
 10
476.6704738503614
 20
474.6045074946467
 30
0.0
 40
2.0
100
AcDbArc
 50
90.0
 51
270.0000000000008
  0
LINE
  5
1D6
330
1F
100
AcDbEntity
  8
槽
  6
Continuous
370
    25
100
AcDbLine
 10
491.6530085653106
 20
413.9045074946467
 30
0.0
 11
506.4530085653105
 21
413.9045074946467
 31
0.0
  0
ARC
  5
1D7
330
1F
100
AcDbEntity
  8
槽
  6
Continuous
370
    25
100
AcDbCircle
 10
506.4530085653105
 20
416.9045074946467
 30
0.0
 40
3.0
100
AcDbArc
 50
270.0000000000008
 51
90.0
  0
LINE
  5
1D8
330
1F
100
AcDbEntity
  8
槽
  6
Continuous
370
    25
100
AcDbLine
 10
506.4530085653105
 20
419.9045074946467
 30
0.0
 11
491.6530085653106
 21
419.9045074946467
 31
0.0
  0
ARC
  5
1D9
330
1F
100
AcDbEntity
  8
槽
  6
Continuous
370
    25
100
AcDbCircle
 10
491.6530085653106
 20
416.9045074946467
 30
0.0
 40
3.0
100
AcDbArc
 50
90.0
 51
270.0000000000008
  0
LINE
  5
1DA
330
1F
100
AcDbEntity
  8
槽
  6
Continuous
370
    25
100
AcDbLine
 10
461.4530085653106
 20
401.6045074946467
 30
0.0
 11
473.4530085653106
 21
401.6045074946467
 31
0.0
  0
ARC
  5
1DB
330
1F
100
AcDbEntity
  8
槽
  6
Continuous
370
    25
100
AcDbCircle
 10
473.4530085653106
 20
404.6045074946468
 30
0.0
 40
3.0
100
AcDbArc
 50
270.0000000000008
 51
90.0
  0
LINE
  5
1DC
330
1F
100
AcDbEntity
  8
槽
  6
Continuous
370
    25
100
AcDbLine
 10
473.4530085653106
 20
407.6045074946468
 30
0.0
 11
461.4530085653106
 21
407.6045074946468
 31
0.0
  0
ARC
  5
1DD
330
1F
100
AcDbEntity
  8
槽
  6
Continuous
370
    25
100
AcDbCircle
 10
461.4530085653106
 20
404.6045074946468
 30
0.0
 40
3.0
100
AcDbArc
 50
90.0
 51
270.0000000000008
  0
LINE
  5
1DE
330
1F
100
AcDbEntity
  8
安装槽
  6
Continuous
370
    25
100
AcDbLine
 10
443.8530085653105
 20
418.0045074946468
 30
0.0
 11
443.8530085653105
 21
411.4045074946467
 31
0.0
  0
ARC
  5
1DF
330
1F
100
AcDbEntity
  8
安装槽
  6
Continuous
370
    25
100
AcDbCircle
 10
443.8530085653106
 20
410.4045074946467
 30
0.0
 40
1.0
100
AcDbArc
 50
90.00000000000325
 51
0.0
  0
LINE
  5
1E0
330
1F
100
AcDbEntity
  8
安装槽
  6
Continuous
370
    25
100
AcDbLine
 10
444.8530085653105
 20
410.4045074946467
 30
0.0
 11
446.8530085653106
 21
410.4045074946467
 31
0.0
  0
ARC
  5
1E1
330
1F
100
AcDbEntity
  8
安装槽
  6
Continuous
370
    25
100
AcDbCircle
 10
447.8530085653106
 20
410.4045074946467
 30
0.0
 40
1.0
100
AcDbArc
 50
180.0
 51
90.00000000000325
  0
LINE
  5
1E2
330
1F
100
AcDbEntity
  8
安装槽
  6
Continuous
370
    25
100
AcDbLine
 10
447.8530085653105
 20
411.4045074946467
 30
0.0
 11
447.8530085653105
 21
418.0045074946468
 31
0.0
  0
ARC
  5
1E3
330
1F
100
AcDbEntity
  8
安装槽
  6
Continuous
370
    25
100
AcDbCircle
 10
445.6530085653105
 20
420.4045074946467
 30
0.0
 40
3.25576411921992
100
AcDbArc
 50
312.5104470780017
 51
47.48955292200045
  0
LINE
  5
1E4
330
1F
100
AcDbEntity
  8
安装槽
  6
Continuous
370
    25
100
AcDbLine
 10
447.8530085653105
 20
422.8045074946467
 30
0.0
 11
447.8530085653105
 21
429.4045074946467
 31
0.0
  0
ARC
  5
1E5
330
1F
100
AcDbEntity
  8
安装槽
  6
Continuous
370
    25
100
AcDbCircle
 10
447.8530085653106
 20
430.4045074946467
 30
0.0
 40
1.0
100
AcDbArc
 50
269.9999999999976
 51
180.0
  0
LINE
  5
1E6
330
1F
100
AcDbEntity
  8
安装槽
  6
Continuous
370
    25
100
AcDbLine
 10
446.8530085653106
 20
430.4045074946467
 30
0.0
 11
444.8530085653105
 21
430.4045074946467
 31
0.0
  0
ARC
  5
1E7
330
1F
100
AcDbEntity
  8
安装槽
  6
Continuous
370
    25
100
AcDbCircle
 10
443.8530085653106
 20
430.4045074946467
 30
0.0
 40
1.0
100
AcDbArc
 50
0.0
 51
269.9999999999976
  0
LINE
  5
1E8
330
1F
100
AcDbEntity
  8
安装槽
  6
Continuous
370
    25
100
AcDbLine
 10
443.8530085653105
 20
429.4045074946467
 30
0.0
 11
443.8530085653105
 21
422.8045074946467
 31
0.0
  0
ARC
  5
1E9
330
1F
100
AcDbEntity
  8
安装槽
  6
Continuous
370
    25
100
AcDbCircle
 10
445.6530085653105
 20
420.4045074946467
 30
0.0
 40
3.000000000000067
100
AcDbArc
 50
126.8698976458447
 51
233.1301023541549
  0
LINE
  5
1EA
330
1F
100
AcDbEntity
  8
槽
  6
Continuous
370
    25
100
AcDbLine
 10
452.0530085653105
 20
444.7944979777123
 30
0.0
 11
508.4530085653105
 21
444.7944979777123
 31
0.0
  0
ARC
  5
1EB
330
1F
100
AcDbEntity
  8
槽
  6
Continuous
370
    25
100
AcDbCircle
 10
508.4530085653105
 20
453.2944979777122
 30
0.0
 40
8.500000000000113
100
AcDbArc
 50
270.0000000000008
 51
90.0
  0
LINE
  5
1EC
330
1F
100
AcDbEntity
  8
槽
  6
Continuous
370
    25
100
AcDbLine
 10
508.4530085653105
 20
461.7944979777123
 30
0.0
 11
452.0530085653105
 21
461.7944979777123
 31
0.0
  0
ARC
  5
1ED
330
1F
100
AcDbEntity
  8
槽
  6
Continuous
370
    25
100
AcDbCircle
 10
452.0530085653105
 20
453.2944979777122
 30
0.0
 40
8.500000000000113
100
AcDbArc
 50
90.0
 51
270.0000000000008
  0
LINE
  5
1EE
330
1F
100
AcDbEntity
  8
槽
  6
Continuous
370
    25
100
AcDbLine
 10
603.0530085653106
 20
430.0045074946468
 30
0.0
 11
563.0530085653106
 21
430.0045074946467
 31
0.0
  0
ARC
  5
1EF
330
1F
100
AcDbEntity
  8
槽
  6
Continuous
370
    25
100
AcDbCircle
 10
563.0530085653106
 20
427.0045074946467
 30
0.0
 40
3.0
100
AcDbArc
 50
90.0
 51
270.0000000000008
  0
LINE
  5
1F0
330
1F
100
AcDbEntity
  8
槽
  6
Continuous
370
    25
100
AcDbLine
 10
563.0530085653106
 20
424.0045074946467
 30
0.0
 11
603.0530085653106
 21
424.0045074946467
 31
0.0
  0
ARC
  5
1F1
330
1F
100
AcDbEntity
  8
槽
  6
Continuous
370
    25
100
AcDbCircle
 10
603.0530085653106
 20
427.0045074946468
 30
0.0
 40
3.0
100
AcDbArc
 50
270.0000000000008
 51
90.0
  0
LINE
  5
1F2
330
1F
100
AcDbEntity
  8
槽
  6
Continuous
370
    25
100
AcDbLine
 10
618.2530085653105
 20
407.6045074946468
 30
0.0
 11
606.2530085653105
 21
407.6045074946468
 31
0.0
  0
ARC
  5
1F3
330
1F
100
AcDbEntity
  8
槽
  6
Continuous
370
    25
100
AcDbCircle
 10
606.2530085653105
 20
404.6045074946468
 30
0.0
 40
3.0
100
AcDbArc
 50
90.0
 51
270.0000000000008
  0
LINE
  5
1F4
330
1F
100
AcDbEntity
  8
槽
  6
Continuous
370
    25
100
AcDbLine
 10
606.2530085653105
 20
401.6045074946467
 30
0.0
 11
618.2530085653105
 21
401.6045074946467
 31
0.0
  0
ARC
  5
1F5
330
1F
100
AcDbEntity
  8
槽
  6
Continuous
370
    25
100
AcDbCircle
 10
618.2530085653105
 20
404.6045074946468
 30
0.0
 40
3.0
100
AcDbArc
 50
270.0000000000008
 51
90.0
  0
LINE
  5
1F6
330
1F
100
AcDbEntity
  8
槽
  6
Continuous
370
    25
100
AcDbLine
 10
627.6530085653106
 20
461.7944979777123
 30
0.0
 11
571.2530085653106
 21
461.7944979777123
 31
0.0
  0
ARC
  5
1F7
330
1F
100
AcDbEntity
  8
槽
  6
Continuous
370
    25
100
AcDbCircle
 10
571.2530085653106
 20
453.2944979777122
 30
0.0
 40
8.500000000000113
100
AcDbArc
 50
90.0
 51
270.0000000000008
  0
LINE
  5
1F8
330
1F
100
AcDbEntity
  8
槽
  6
Continuous
370
    25
100
AcDbLine
 10
571.2530085653106
 20
444.7944979777123
 30
0.0
 11
627.6530085653106
 21
444.7944979777123
 31
0.0
  0
ARC
  5
1F9
330
1F
100
AcDbEntity
  8
槽
  6
Continuous
370
    25
100
AcDbCircle
 10
627.6530085653106
 20
453.2944979777123
 30
0.0
 40
8.500000000000056
100
AcDbArc
 50
270.0000000000008
 51
90.0
  0
LINE
  5
1FA
330
1F
100
AcDbEntity
  8
安装槽
  6
Continuous
370
    25
100
AcDbLine
 10
631.8530085653106
 20
418.0045074946468
 30
0.0
 11
631.8530085653106
 21
411.4045074946467
 31
0.0
  0
ARC
  5
1FB
330
1F
100
AcDbEntity
  8
安装槽
  6
Continuous
370
    25
100
AcDbCircle
 10
631.8530085653106
 20
410.4045074946467
 30
0.0
 40
1.0
100
AcDbArc
 50
90.0
 51
0.0
  0
LINE
  5
1FC
330
1F
100
AcDbEntity
  8
安装槽
  6
Continuous
370
    25
100
AcDbLine
 10
632.8530085653105
 20
410.4045074946467
 30
0.0
 11
634.8530085653106
 21
410.4045074946467
 31
0.0
  0
ARC
  5
1FD
330
1F
100
AcDbEntity
  8
安装槽
  6
Continuous
370
    25
100
AcDbCircle
 10
635.8530085653106
 20
410.4045074946467
 30
0.0
 40
1.000000000000113
100
AcDbArc
 50
180.0
 51
90.0
  0
LINE
  5
1FE
330
1F
100
AcDbEntity
  8
安装槽
  6
Continuous
370
    25
100
AcDbLine
 10
635.8530085653106
 20
411.4045074946467
 30
0.0
 11
635.8530085653106
 21
418.0045074946468
 31
0.0
  0
ARC
  5
1FF
330
1F
100
AcDbEntity
  8
安装槽
  6
Continuous
370
    25
100
AcDbCircle
 10
634.0530085653106
 20
420.4045074946468
 30
0.0
 40
3.000000000000022
100
AcDbArc
 50
306.8698976458462
 51
53.13010235415466
  0
LINE
  5
200
330
1F
100
AcDbEntity
  8
安装槽
  6
Continuous
370
    25
100
AcDbLine
 10
635.8530085653106
 20
422.8045074946467
 30
0.0
 11
635.8530085653106
 21
429.4045074946467
 31
0.0
  0
ARC
  5
201
330
1F
100
AcDbEntity
  8
安装槽
  6
Continuous
370
    25
100
AcDbCircle
 10
635.8530085653106
 20
430.4045074946467
 30
0.0
 40
1.000000000000113
100
AcDbArc
 50
270.0000000000008
 51
180.0
  0
LINE
  5
202
330
1F
100
AcDbEntity
  8
安装槽
  6
Continuous
370
    25
100
AcDbLine
 10
634.8530085653106
 20
430.4045074946467
 30
0.0
 11
632.8530085653105
 21
430.4045074946467
 31
0.0
  0
ARC
  5
203
330
1F
100
AcDbEntity
  8
安装槽
  6
Continuous
370
    25
100
AcDbCircle
 10
631.8530085653106
 20
430.4045074946467
 30
0.0
 40
1.0
100
AcDbArc
 50
0.0
 51
270.0000000000008
  0
LINE
  5
204
330
1F
100
AcDbEntity
  8
安装槽
  6
Continuous
370
    25
100
AcDbLine
 10
631.8530085653106
 20
429.4045074946467
 30
0.0
 11
631.8530085653106
 21
422.8045074946467
 31
0.0
  0
ARC
  5
205
330
1F
100
AcDbEntity
  8
安装槽
  6
Continuous
370
    25
100
AcDbCircle
 10
634.0530085653106
 20
420.4045074946468
 30
0.0
 40
3.255764119219878
100
AcDbArc
 50
132.5104470780002
 51
227.4895529220005
  0
CIRCLE
  5
206
330
1F
100
AcDbEntity
  8
孔
  6
Continuous
370
    25
100
AcDbCircle
 10
596.0530085653107
 20
416.9045074946468
 30
0.0
 40
3.0
  0
CIRCLE
  5
207
330
1F
100
AcDbEntity
  8
孔
  6
Continuous
370
    25
100
AcDbCircle
 10
604.4530085653107
 20
416.9045074946468
 30
0.0
 40
3.0
  0
CIRCLE
  5
208
330
1F
100
AcDbEntity
  8
孔
  6
Continuous
370
    25
100
AcDbCircle
 10
626.2530085653106
 20
408.7045074946467
 30
0.0
 40
3.0
  0
CIRCLE
  5
209
330
1F
100
AcDbEntity
  8
孔
  6
Continuous
370
    25
100
AcDbCircle
 10
632.0530085653106
 20
402.8045074946468
 30
0.0
 40
3.0
  0
CIRCLE
  5
20A
330
1F
100
AcDbEntity
  8
孔
  6
Continuous
370
    25
100
AcDbCircle
 10
596.0530085653107
 20
404.6045074946468
 30
0.0
 40
3.0
  0
LINE
  5
20B
330
1F
100
AcDbEntity
  8
安装槽
  6
Continuous
370
    25
100
AcDbLine
 10
458.8530085653105
 20
483.5624456137328
 30
0.0
 11
458.8530085653105
 21
476.7985135912326
 31
0.0
  0
ARC
  5
20C
330
1F
100
AcDbEntity
  8
安装槽
  6
Continuous
370
    25
100
AcDbCircle
 10
458.8530085653105
 20
475.7985135912326
 30
0.0
 40
1.0
100
AcDbArc
 50
90.0
 51
0.0
  0
LINE
  5
20D
330
1F
100
AcDbEntity
  8
安装槽
  6
Continuous
370
    25
100
AcDbLine
 10
459.8530085653106
 20
475.7985135912326
 30
0.0
 11
461.8530085653105
 21
475.7985135912326
 31
0.0
  0
ARC
  5
20E
330
1F
100
AcDbEntity
  8
安装槽
  6
Continuous
370
    25
100
AcDbCircle
 10
462.8530085653105
 20
475.7985135912326
 30
0.0
 40
1.0
100
AcDbArc
 50
180.0
 51
90.0
  0
LINE
  5
20F
330
1F
100
AcDbEntity
  8
安装槽
  6
Continuous
370
    25
100
AcDbLine
 10
462.8530085653105
 20
476.7985135912326
 30
0.0
 11
462.8530085653105
 21
483.5624456137328
 31
0.0
  0
ARC
  5
210
330
1F
100
AcDbEntity
  8
安装槽
  6
Continuous
370
    25
100
AcDbCircle
 10
460.8530085653105
 20
485.7985135912326
 30
0.0
 40
3.000000000000028
100
AcDbArc
 50
311.8103148957789
 51
48.18968510422118
  0
LINE
  5
211
330
1F
100
AcDbEntity
  8
安装槽
  6
Continuous
370
    25
100
AcDbLine
 10
462.8530085653105
 20
488.0345815687324
 30
0.0
 11
462.8530085653105
 21
494.7985135912325
 31
0.0
  0
ARC
  5
212
330
1F
100
AcDbEntity
  8
安装槽
  6
Continuous
370
    25
100
AcDbCircle
 10
462.8530085653105
 20
495.7985135912326
 30
0.0
 40
1.0
100
AcDbArc
 50
270.0000000000008
 51
180.0
  0
LINE
  5
213
330
1F
100
AcDbEntity
  8
安装槽
  6
Continuous
370
    25
100
AcDbLine
 10
461.8530085653105
 20
495.7985135912326
 30
0.0
 11
459.8530085653106
 21
495.7985135912326
 31
0.0
  0
ARC
  5
214
330
1F
100
AcDbEntity
  8
安装槽
  6
Continuous
370
    25
100
AcDbCircle
 10
458.8530085653105
 20
495.7985135912326
 30
0.0
 40
1.0
100
AcDbArc
 50
0.0
 51
270.0000000000008
  0
LINE
  5
215
330
1F
100
AcDbEntity
  8
安装槽
  6
Continuous
370
    25
100
AcDbLine
 10
458.8530085653105
 20
494.7985135912325
 30
0.0
 11
458.8530085653105
 21
488.0345815687324
 31
0.0
  0
ARC
  5
216
330
1F
100
AcDbEntity
  8
安装槽
  6
Continuous
370
    25
100
AcDbCircle
 10
460.8530085653105
 20
485.7985135912326
 30
0.0
 40
3.000000000000028
100
AcDbArc
 50
131.8103148957788
 51
228.1896851042227
  0
LINE
  5
217
330
1F
100
AcDbEntity
  8
槽
  6
Continuous
370
    25
100
AcDbLine
 10
619.2530085653104
 20
506.3045074946468
 30
0.0
 11
549.4530085653106
 21
506.3045074946467
 31
0.0
  0
ARC
  5
218
330
1F
100
AcDbEntity
  8
槽
  6
Continuous
370
    25
100
AcDbCircle
 10
549.4530085653106
 20
503.3045074946467
 30
0.0
 40
3.0
100
AcDbArc
 50
90.0
 51
270.0000000000008
  0
LINE
  5
219
330
1F
100
AcDbEntity
  8
槽
  6
Continuous
370
    25
100
AcDbLine
 10
549.4530085653106
 20
500.3045074946466
 30
0.0
 11
619.2530085653104
 21
500.3045074946466
 31
0.0
  0
ARC
  5
21A
330
1F
100
AcDbEntity
  8
槽
  6
Continuous
370
    25
100
AcDbCircle
 10
619.2530085653104
 20
503.3045074946467
 30
0.0
 40
3.000000000000113
100
AcDbArc
 50
270.0000000000008
 51
90.0
  0
LINE
  5
21B
330
1F
100
AcDbEntity
  8
槽
  6
Continuous
370
    25
100
AcDbLine
 10
603.0355432802597
 20
490.6045074946468
 30
0.0
 11
549.0355432802598
 21
490.6045074946467
 31
0.0
  0
ARC
  5
21C
330
1F
100
AcDbEntity
  8
槽
  6
Continuous
370
    25
100
AcDbCircle
 10
549.0355432802598
 20
488.6045074946467
 30
0.0
 40
2.000000000000056
100
AcDbArc
 50
90.0
 51
270.0000000000008
  0
LINE
  5
21D
330
1F
100
AcDbEntity
  8
槽
  6
Continuous
370
    25
100
AcDbLine
 10
549.0355432802598
 20
486.6045074946466
 30
0.0
 11
603.0355432802597
 21
486.6045074946467
 31
0.0
  0
ARC
  5
21E
330
1F
100
AcDbEntity
  8
槽
  6
Continuous
370
    25
100
AcDbCircle
 10
603.0355432802597
 20
488.6045074946467
 30
0.0
 40
2.000000000000056
100
AcDbArc
 50
270.0000000000008
 51
90.0
  0
LINE
  5
21F
330
1F
100
AcDbEntity
  8
槽
  6
Continuous
370
    25
100
AcDbLine
 10
603.0355432802597
 20
476.6045074946467
 30
0.0
 11
549.0355432802598
 21
476.6045074946467
 31
0.0
  0
ARC
  5
220
330
1F
100
AcDbEntity
  8
槽
  6
Continuous
370
    25
100
AcDbCircle
 10
549.0355432802598
 20
474.6045074946467
 30
0.0
 40
2.0
100
AcDbArc
 50
90.0
 51
270.0000000000008
  0
LINE
  5
221
330
1F
100
AcDbEntity
  8
槽
  6
Continuous
370
    25
100
AcDbLine
 10
549.0355432802598
 20
472.6045074946467
 30
0.0
 11
603.0355432802597
 21
472.6045074946467
 31
0.0
  0
ARC
  5
222
330
1F
100
AcDbEntity
  8
槽
  6
Continuous
370
    25
100
AcDbCircle
 10
603.0355432802597
 20
474.6045074946467
 30
0.0
 40
2.0
100
AcDbArc
 50
270.0000000000008
 51
90.0
  0
LINE
  5
223
330
1F
100
AcDbEntity
  8
安装槽
  6
Continuous
370
    25
100
AcDbLine
 10
632.0530085653106
 20
483.568439517147
 30
0.0
 11
632.0530085653106
 21
476.8045074946467
 31
0.0
  0
ARC
  5
224
330
1F
100
AcDbEntity
  8
安装槽
  6
Continuous
370
    25
100
AcDbCircle
 10
632.0530085653106
 20
475.8045074946467
 30
0.0
 40
1.0
100
AcDbArc
 50
90.0
 51
0.0
  0
LINE
  5
225
330
1F
100
AcDbEntity
  8
安装槽
  6
Continuous
370
    25
100
AcDbLine
 10
633.0530085653106
 20
475.8045074946467
 30
0.0
 11
635.0530085653105
 21
475.8045074946467
 31
0.0
  0
ARC
  5
226
330
1F
100
AcDbEntity
  8
安装槽
  6
Continuous
370
    25
100
AcDbCircle
 10
636.0530085653106
 20
475.8045074946467
 30
0.0
 40
1.0
100
AcDbArc
 50
180.0
 51
90.0
  0
LINE
  5
227
330
1F
100
AcDbEntity
  8
安装槽
  6
Continuous
370
    25
100
AcDbLine
 10
636.0530085653106
 20
476.8045074946467
 30
0.0
 11
636.0530085653106
 21
483.568439517147
 31
0.0
  0
ARC
  5
228
330
1F
100
AcDbEntity
  8
安装槽
  6
Continuous
370
    25
100
AcDbCircle
 10
634.0530085653106
 20
485.8045074946467
 30
0.0
 40
3.000000000000028
100
AcDbArc
 50
311.8103148957796
 51
48.1896851042219
  0
LINE
  5
229
330
1F
100
AcDbEntity
  8
安装槽
  6
Continuous
370
    25
100
AcDbLine
 10
636.0530085653106
 20
488.0405754721466
 30
0.0
 11
636.0530085653106
 21
494.8045074946468
 31
0.0
  0
ARC
  5
22A
330
1F
100
AcDbEntity
  8
安装槽
  6
Continuous
370
    25
100
AcDbCircle
 10
636.0530085653106
 20
495.8045074946467
 30
0.0
 40
1.0
100
AcDbArc
 50
270.0000000000008
 51
180.0
  0
LINE
  5
22B
330
1F
100
AcDbEntity
  8
安装槽
  6
Continuous
370
    25
100
AcDbLine
 10
635.0530085653105
 20
495.8045074946467
 30
0.0
 11
633.0530085653106
 21
495.8045074946467
 31
0.0
  0
ARC
  5
22C
330
1F
100
AcDbEntity
  8
安装槽
  6
Continuous
370
    25
100
AcDbCircle
 10
632.0530085653106
 20
495.8045074946467
 30
0.0
 40
1.0
100
AcDbArc
 50
0.0
 51
270.0000000000008
  0
LINE
  5
22D
330
1F
100
AcDbEntity
  8
安装槽
  6
Continuous
370
    25
100
AcDbLine
 10
632.0530085653106
 20
494.8045074946468
 30
0.0
 11
632.0530085653106
 21
488.0405754721466
 31
0.0
  0
ARC
  5
22E
330
1F
100
AcDbEntity
  8
安装槽
  6
Continuous
370
    25
100
AcDbCircle
 10
634.0530085653106
 20
485.8045074946467
 30
0.0
 40
3.000000000000028
100
AcDbArc
 50
131.8103148957781
 51
228.1896851042219
  0
INSERT
  5
23A
330
1F
100
AcDbEntity
  8
功能孔FORMAT
  6
Continuous
370
     0
100
AcDbBlockReference
  2
SW_CENTERMARKSYMBOL_0
 10
539.8530085653105
 20
439.7989109747789
 30
0.0
  0
INSERT
  5
246
330
1F
100
AcDbEntity
  8
功能孔FORMAT
  6
Continuous
370
     0
100
AcDbBlockReference
  2
SW_CENTERMARKSYMBOL_1
 10
564.6017459068398
 20
464.547648316308
 30
0.0
  0
INSERT
  5
252
330
1F
100
AcDbEntity
  8
功能孔FORMAT
  6
Continuous
370
     0
100
AcDbBlockReference
  2
SW_CENTERMARKSYMBOL_2
 10
564.6017459068398
 20
415.0501736332493
 30
0.0
  0
INSERT
  5
25E
330
1F
100
AcDbEntity
  8
功能孔FORMAT
  6
Continuous
370
     0
100
AcDbBlockReference
  2
SW_CENTERMARKSYMBOL_3
 10
515.1042712237813
 20
415.0501736332493
 30
0.0
  0
INSERT
  5
26A
330
1F
100
AcDbEntity
  8
功能孔FORMAT
  6
Continuous
370
     0
100
AcDbBlockReference
  2
SW_CENTERMARKSYMBOL_4
 10
515.1042712237813
 20
464.547648316308
 30
0.0
  0
INSERT
  5
276
330
1F
100
AcDbEntity
  8
FORMAT
  6
Continuous
370
     0
100
AcDbBlockReference
  2
SW_CENTERMARKSYMBOL_5
 10
483.6530085653105
 20
404.6045074946468
 30
0.0
  0
INSERT
  5
282
330
1F
100
AcDbEntity
  8
FORMAT
  6
Continuous
370
     0
100
AcDbBlockReference
  2
SW_CENTERMARKSYMBOL_6
 10
447.6530085653106
 20
402.8045074946468
 30
0.0
  0
INSERT
  5
28E
330
1F
100
AcDbEntity
  8
FORMAT
  6
Continuous
370
     0
100
AcDbBlockReference
  2
SW_CENTERMARKSYMBOL_7
 10
453.4530085653105
 20
408.7045074946468
 30
0.0
  0
INSERT
  5
29A
330
1F
100
AcDbEntity
  8
FORMAT
  6
Continuous
370
     0
100
AcDbBlockReference
  2
SW_CENTERMARKSYMBOL_8
 10
475.2530085653105
 20
416.9045074946468
 30
0.0
  0
INSERT
  5
2A6
330
1F
100
AcDbEntity
  8
FORMAT
  6
Continuous
370
     0
100
AcDbBlockReference
  2
SW_CENTERMARKSYMBOL_9
 10
483.6530085653105
 20
416.9045074946468
 30
0.0
  0
INSERT
  5
2B2
330
1F
100
AcDbEntity
  8
FORMAT
  6
Continuous
370
     0
100
AcDbBlockReference
  2
SW_CENTERMARKSYMBOL_10
 10
539.8530085653105
 20
402.6045074946468
 30
0.0
  0
INSERT
  5
2BE
330
1F
100
AcDbEntity
  8
FORMAT
  6
Continuous
370
     0
100
AcDbBlockReference
  2
SW_CENTERMARKSYMBOL_11
 10
451.7530085653105
 20
504.0045074946467
 30
0.0
  0
INSERT
  5
2CA
330
1F
100
AcDbEntity
  8
FORMAT
  6
Continuous
370
     0
100
AcDbBlockReference
  2
SW_CENTERMARKSYMBOL_12
 10
539.8530085653105
 20
503.3045074946468
 30
0.0
  0
INSERT
  5
2D6
330
1F
100
AcDbEntity
  8
FORMAT
  6
Continuous
370
     0
100
AcDbBlockReference
  2
SW_CENTERMARKSYMBOL_13
 10
539.8530085653105
 20
488.6045074946467
 30
0.0
  0
INSERT
  5
2E2
330
1F
100
AcDbEntity
  8
FORMAT
  6
Continuous
370
     0
100
AcDbBlockReference
  2
SW_CENTERMARKSYMBOL_14
 10
539.8530085653105
 20
478.0045074946468
 30
0.0
  0
INSERT
  5
2EE
330
1F
100
AcDbEntity
  8
FORMAT
  6
Continuous
370
     0
100
AcDbBlockReference
  2
SW_CENTERMARKSYMBOL_15
 10
452.0530085653105
 20
436.4045074946467
 30
0.0
  0
INSERT
  5
2FA
330
1F
100
AcDbEntity
  8
FORMAT
  6
Continuous
370
     0
100
AcDbBlockReference
  2
SW_CENTERMARKSYMBOL_16
 10
627.6530085653106
 20
436.4045074946467
 30
0.0
  0
INSERT
  5
306
330
1F
100
AcDbEntity
  8
FORMAT
  6
Continuous
370
     0
100
AcDbBlockReference
  2
SW_CENTERMARKSYMBOL_17
 10
596.0530085653107
 20
416.9045074946468
 30
0.0
  0
INSERT
  5
312
330
1F
100
AcDbEntity
  8
FORMAT
  6
Continuous
370
     0
100
AcDbBlockReference
  2
SW_CENTERMARKSYMBOL_18
 10
604.4530085653107
 20
416.9045074946468
 30
0.0
  0
INSERT
  5
31E
330
1F
100
AcDbEntity
  8
FORMAT
  6
Continuous
370
     0
100
AcDbBlockReference
  2
SW_CENTERMARKSYMBOL_19
 10
626.2530085653106
 20
408.7045074946468
 30
0.0
  0
INSERT
  5
32A
330
1F
100
AcDbEntity
  8
FORMAT
  6
Continuous
370
     0
100
AcDbBlockReference
  2
SW_CENTERMARKSYMBOL_20
 10
632.0530085653106
 20
402.8045074946469
 30
0.0
  0
INSERT
  5
336
330
1F
100
AcDbEntity
  8
FORMAT
  6
Continuous
370
     0
100
AcDbBlockReference
  2
SW_CENTERMARKSYMBOL_21
 10
596.0530085653107
 20
404.6045074946468
 30
0.0
  0
INSERT
  5
342
330
1F
100
AcDbEntity
  8
FORMAT
  6
Continuous
370
     0
100
AcDbBlockReference
  2
SW_CENTERMARKSYMBOL_22
 10
452.0530085653105
 20
468.4045074946467
 30
0.0
  0
INSERT
  5
34E
330
1F
100
AcDbEntity
  8
FORMAT
  6
Continuous
370
     0
100
AcDbBlockReference
  2
SW_CENTERMARKSYMBOL_23
 10
627.6530085653106
 20
468.4045074946467
 30
0.0
  0
INSERT
  5
35A
330
1F
100
AcDbEntity
  8
FORMAT
  6
Continuous
370
     0
100
AcDbBlockReference
  2
SW_CENTERMARKSYMBOL_24
 10
627.9530085653106
 20
504.0045074946468
 30
0.0
  0
DIMENSION
  5
5DC
330
1F
100
AcDbEntity
  8
标注
100
AcDbDimension
280
     0
  2
*D32
 10
639.6530085653105
 20
525.1168097465924
 30
0.0
 11
539.8530085653105
 21
528.6824764132591
 31
0.0
 70
    32
 71
     5
 42
99.79999999999998
 73
     0
 74
     0
 75
     0
  3
ISO-25
100
AcDbAlignedDimension
 13
440.0530085653105
 23
501.8045074946467
 33
0.0
 14
639.6530085653105
 24
501.8045074946467
 34
0.0
100
AcDbRotatedDimension
1001
ACAD
1000
DSTYLE
1002
{
1070
    41
1040
3.556
1070
    42
1040
1.0
1070
    44
1040
1.0
1070
    73
1070
     1
1070
    74
1070
     1
1070
    78
1070
     1
1070
   140
1040
3.5
1070
   143
1040
0.0393700787401575
1070
   144
1040
0.5
1070
   147
1040
1.524
1070
   179
1070
     2
1070
   284
1070
     1
1002
}
  0
LINE
  5
632
330
1F
100
AcDbEntity
  8
框
100
AcDbLine
 10
448.0530085653106
 20
509.8045074946467
 30
0.0
 11
631.6530085653105
 21
509.8045074946467
 31
0.0
  0
LINE
  5
633
330
1F
100
AcDbEntity
  8
框
100
AcDbLine
 10
448.0530085653107
 20
396.4045074946467
 30
0.0
 11
631.6530085653106
 21
396.4045074946467
 31
0.0
  0
LINE
  5
63E
330
1F
100
AcDbEntity
  8
禁止区
100
AcDbLine
 10
447.6530085653106
 20
498.8045074946467
 30
0.0
 11
466.8516878839389
 21
498.8045074946467
 31
0.0
  0
LINE
  5
63F
330
1F
100
AcDbEntity
  8
禁止区
100
AcDbLine
 10
466.851687883939
 20
472.8045074946467
 30
0.0
 11
466.8516878839389
 21
498.8045074946468
 31
0.0
  0
LINE
  5
640
330
1F
100
AcDbEntity
  8
禁止区
100
AcDbLine
 10
447.6530085653105
 20
472.8045074946467
 30
0.0
 11
466.851687883939
 21
472.8045074946468
 31
0.0
  0
CIRCLE
  5
642
330
1F
100
AcDbEntity
  8
禁止区
100
AcDbCircle
 10
460.8530085653105
 20
485.7985135912326
 30
0.0
 40
6.0
  0
CIRCLE
  5
643
330
1F
100
AcDbEntity
  8
禁止区
100
AcDbCircle
 10
445.6530085653105
 20
485.7985135912326
 30
0.0
 40
6.0
  0
LINE
  5
644
330
1F
100
AcDbEntity
  8
禁止区
100
AcDbLine
 10
440.0530085653105
 20
498.8045074946468
 30
0.0
 11
440.0530085653105
 21
472.8045074946467
 31
0.0
  0
LINE
  5
645
330
1F
100
AcDbEntity
  8
禁止区
100
AcDbLine
 10
447.6530085653105
 20
433.4105013980608
 30
0.0
 11
466.851687883939
 21
433.4105013980608
 31
0.0
  0
LINE
  5
646
330
1F
100
AcDbEntity
  8
禁止区
100
AcDbLine
 10
466.851687883939
 20
407.4105013980608
 30
0.0
 11
466.851687883939
 21
433.4105013980608
 31
0.0
  0
LINE
  5
647
330
1F
100
AcDbEntity
  8
禁止区
100
AcDbLine
 10
447.6530085653106
 20
407.4105013980608
 30
0.0
 11
466.851687883939
 21
407.4105013980609
 31
0.0
  0
CIRCLE
  5
648
330
1F
100
AcDbEntity
  8
禁止区
100
AcDbCircle
 10
460.8530085653106
 20
420.4045074946467
 30
0.0
 40
6.0
  0
CIRCLE
  5
649
330
1F
100
AcDbEntity
  8
禁止区
100
AcDbCircle
 10
445.6530085653105
 20
420.4045074946467
 30
0.0
 40
6.0
  0
LINE
  5
64A
330
1F
100
AcDbEntity
  8
禁止区
100
AcDbLine
 10
440.0530085653106
 20
433.4105013980608
 30
0.0
 11
440.0530085653106
 21
407.4105013980608
 31
0.0
  0
CIRCLE
  5
658
330
1F
100
AcDbEntity
  8
禁止区
100
AcDbCircle
 10
515.1042712237813
 20
464.547648316308
 30
0.0
 40
4.0
  0
CIRCLE
  5
659
330
1F
100
AcDbEntity
  8
禁止区
100
AcDbCircle
 10
515.1042712237813
 20
415.0501736332493
 30
0.0
 40
4.0
  0
CIRCLE
  5
65A
330
1F
100
AcDbEntity
  8
禁止区
100
AcDbCircle
 10
564.6017459068398
 20
464.547648316308
 30
0.0
 40
4.0
  0
CIRCLE
  5
65B
330
1F
100
AcDbEntity
  8
禁止区
100
AcDbCircle
 10
564.6017459068398
 20
415.0501736332493
 30
0.0
 40
4.0
  0
CIRCLE
  5
65C
330
1F
100
AcDbEntity
  8
禁止区
100
AcDbCircle
 10
539.8530085653105
 20
439.7989109747789
 30
0.0
 40
30.0
  0
LINE
  5
664
330
1F
100
AcDbEntity
  8
禁止区
100
AcDbLine
 10
447.6530085653106
 20
390.1556278489581
 30
0.0
 11
447.6530085653106
 21
407.4105013980608
 31
0.0
  0
LINE
  5
665
330
1F
100
AcDbEntity
  8
禁止区
100
AcDbLine
 10
447.6530085653105
 20
514.3424518542296
 30
0.0
 11
440.0530085653105
 21
514.3424518542296
 31
0.0
  0
LINE
  5
666
330
1F
100
AcDbEntity
  8
禁止区
100
AcDbLine
 10
440.0530085653105
 20
514.3424518542296
 30
0.0
 11
440.0530085653105
 21
390.1556278489581
 31
0.0
  0
LINE
  5
667
330
1F
100
AcDbEntity
  8
禁止区
100
AcDbLine
 10
447.6530085653106
 20
390.1556278489581
 30
0.0
 11
440.0530085653105
 21
390.1556278489581
 31
0.0
  0
LINE
  5
668
330
1F
100
AcDbEntity
  8
禁止区
100
AcDbLine
 10
447.6530085653105
 20
433.4105013980607
 30
0.0
 11
447.6530085653105
 21
472.8045074946468
 31
0.0
  0
LINE
  5
66C
330
1F
100
AcDbEntity
  8
禁止区
100
AcDbLine
 10
447.6530085653106
 20
498.8045074946468
 30
0.0
 11
447.6530085653105
 21
514.3424518542296
 31
0.0
  0
LINE
  5
66D
330
1F
100
AcDbEntity
  8
禁止区
100
AcDbLine
 10
632.0530085653106
 20
498.8045074946467
 30
0.0
 11
612.8543292466822
 21
498.8045074946467
 31
0.0
  0
LINE
  5
66E
330
1F
100
AcDbEntity
  8
禁止区
100
AcDbLine
 10
612.8543292466822
 20
472.8045074946467
 30
0.0
 11
612.8543292466822
 21
498.8045074946468
 31
0.0
  0
LINE
  5
66F
330
1F
100
AcDbEntity
  8
禁止区
100
AcDbLine
 10
632.0530085653106
 20
472.8045074946467
 30
0.0
 11
612.8543292466821
 21
472.8045074946468
 31
0.0
  0
CIRCLE
  5
670
330
1F
100
AcDbEntity
  8
禁止区
100
AcDbCircle
 10
618.8530085653106
 20
485.7985135912326
 30
0.0
 40
6.0
  0
CIRCLE
  5
671
330
1F
100
AcDbEntity
  8
禁止区
100
AcDbCircle
 10
634.0530085653106
 20
485.7985135912326
 30
0.0
 40
6.0
  0
LINE
  5
672
330
1F
100
AcDbEntity
  8
禁止区
100
AcDbLine
 10
632.0530085653106
 20
433.4105013980608
 30
0.0
 11
612.8543292466822
 21
433.4105013980608
 31
0.0
  0
LINE
  5
673
330
1F
100
AcDbEntity
  8
禁止区
100
AcDbLine
 10
612.8543292466821
 20
407.4105013980608
 30
0.0
 11
612.8543292466822
 21
433.4105013980608
 31
0.0
  0
LINE
  5
674
330
1F
100
AcDbEntity
  8
禁止区
100
AcDbLine
 10
632.0530085653106
 20
407.4105013980608
 30
0.0
 11
612.854329246682
 21
407.4105013980609
 31
0.0
  0
CIRCLE
  5
675
330
1F
100
AcDbEntity
  8
禁止区
100
AcDbCircle
 10
618.8530085653106
 20
420.4045074946467
 30
0.0
 40
6.0
  0
CIRCLE
  5
676
330
1F
100
AcDbEntity
  8
禁止区
100
AcDbCircle
 10
634.0530085653106
 20
420.4045074946467
 30
0.0
 40
6.0
  0
LINE
  5
677
330
1F
100
AcDbEntity
  8
禁止区
100
AcDbLine
 10
632.0530085653106
 20
390.1556278489581
 30
0.0
 11
632.0530085653106
 21
407.4105013980608
 31
0.0
  0
LINE
  5
678
330
1F
100
AcDbEntity
  8
禁止区
100
AcDbLine
 10
632.0530085653106
 20
433.4105013980607
 30
0.0
 11
632.0530085653106
 21
472.8045074946468
 31
0.0
  0
LINE
  5
679
330
1F
100
AcDbEntity
  8
禁止区
100
AcDbLine
 10
632.0530085653106
 20
498.8045074946468
 30
0.0
 11
632.0530085653106
 21
514.3424518542296
 31
0.0
  0
LINE
  5
67A
330
1F
100
AcDbEntity
  8
禁止区
100
AcDbLine
 10
632.0530085653106
 20
514.3424518542296
 30
0.0
 11
639.6530085653105
 21
514.3424518542296
 31
0.0
  0
LINE
  5
67B
330
1F
100
AcDbEntity
  8
禁止区
100
AcDbLine
 10
639.6530085653105
 20
514.3424518542296
 30
0.0
 11
639.6530085653105
 21
390.1556278489581
 31
0.0
  0
LINE
  5
67C
330
1F
100
AcDbEntity
  8
禁止区
100
AcDbLine
 10
632.0530085653106
 20
390.1556278489581
 30
0.0
 11
639.6530085653105
 21
390.1556278489581
 31
0.0
  0
ENDSEC
  0
SECTION
  2
OBJECTS
  0
DICTIONARY
  5
C
330
0
100
AcDbDictionary
281
     1
  3
ACAD_CIP_PREVIOUS_PRODUCT_INFO
350
39D
  3
ACAD_COLOR
350
38F
  3
ACAD_DETAILVIEWSTYLE
350
396
  3
ACAD_GROUP
350
D
  3
ACAD_LAST_SAVED_VERSION_INFO
350
3A9
  3
ACAD_LAYOUT
350
1A
  3
ACAD_MATERIAL
350
35D
  3
ACAD_MLEADERSTYLE
350
392
  3
ACAD_MLINESTYLE
350
17
  3
ACAD_PLOTSETTINGS
350
19
  3
ACAD_PLOTSTYLENAME
350
E
  3
ACAD_SCALELIST
350
47
  3
ACAD_SECTIONVIEWSTYLE
350
394
  3
ACAD_TABLESTYLE
350
390
  3
ACAD_VISUALSTYLE
350
376
  3
ACDB_RECOMPOSE_DATA
350
69B
  3
AcDbVariableDictionary
350
599
  3
AcDsDecomposeData
350
6A1
  0
DICTIONARY
  5
3B1
330
2
100
AcDbDictionary
280
     1
281
     1
  3
ACAD_LAYERSTATES
360
3B2
  0
DICTIONARY
  5
3AA
330
10
100
AcDbDictionary
280
     1
281
     1
  3
ADSK_XREC_LAYER_RECONCILED
360
3AB
  0
DICTIONARY
  5
3AC
330
63
100
AcDbDictionary
280
     1
281
     1
  3
ADSK_XREC_LAYER_RECONCILED
360
3AD
  0
DICTIONARY
  5
669
330
1F
100
AcDbDictionary
280
     1
281
     1
  3
ACAD_SORTENTS
360
66A
  0
XRECORD
  5
39D
102
{ACAD_REACTORS
330
C
102
}
330
C
100
AcDbXrecord
280
     1
300
ACD
300
2025
300

  0
DICTIONARY
  5
38F
102
{ACAD_REACTORS
330
C
102
}
330
C
100
AcDbDictionary
281
     1
  0
DICTIONARY
  5
396
102
{ACAD_REACTORS
330
C
102
}
330
C
100
AcDbDictionary
281
     1
  3
Metric50
350
397
  0
DICTIONARY
  5
D
102
{ACAD_REACTORS
330
C
102
}
330
C
100
AcDbDictionary
281
     1
  0
XRECORD
  5
3A9
102
{ACAD_REACTORS
330
C
102
}
330
C
100
AcDbXrecord
280
     1
300
{3FB9DCDD-F486-614C-B0A7-A345571B9886}
301
{BEB387F9-41C1-CF43-AEE2-0879BA49D1A5}
302
{3FB9DCDD-F486-614C-B0A7-A345571B9886}
303
curated-export.dxf
  0
DICTIONARY
  5
1A
102
{ACAD_REACTORS
330
C
102
}
330
C
100
AcDbDictionary
281
     1
  3
Layout1
350
1E
  3
Layout2
350
26
  3
Model
350
22
  0
DICTIONARY
  5
35D
102
{ACAD_REACTORS
330
C
102
}
330
C
100
AcDbDictionary
281
     1
  3
ByBlock
350
366
  3
ByLayer
350
35E
  3
Global
350
36E
  0
DICTIONARY
  5
392
102
{ACAD_REACTORS
330
C
102
}
330
C
100
AcDbDictionary
281
     1
  3
Standard
350
393
  0
DICTIONARY
  5
17
102
{ACAD_REACTORS
330
C
102
}
330
C
100
AcDbDictionary
281
     1
  3
Standard
350
18
  0
DICTIONARY
  5
19
102
{ACAD_REACTORS
330
C
102
}
330
C
100
AcDbDictionary
281
     1
  0
ACDBDICTIONARYWDFLT
  5
E
102
{ACAD_REACTORS
330
C
102
}
330
C
100
AcDbDictionary
281
     1
  3
Normal
350
F
100
AcDbDictionaryWithDefault
340
F
  0
DICTIONARY
  5
47
102
{ACAD_REACTORS
330
C
102
}
330
C
100
AcDbDictionary
281
     1
  3
A0
350
48
  3
A1
350
49
  3
A2
350
4A
  3
A3
350
4B
  3
A4
350
4C
  3
A5
350
4D
  3
A6
350
4E
  3
A7
350
4F
  3
A8
350
50
  3
A9
350
51
  3
B0
350
52
  3
B1
350
53
  3
B2
350
54
  3
B3
350
55
  3
B4
350
56
  3
B5
350
57
  3
B6
350
58
  0
DICTIONARY
  5
394
102
{ACAD_REACTORS
330
C
102
}
330
C
100
AcDbDictionary
281
     1
  3
Metric50
350
395
  0
DICTIONARY
  5
390
102
{ACAD_REACTORS
330
C
102
}
330
C
100
AcDbDictionary
281
     1
  3
Standard
350
391
  0
DICTIONARY
  5
376
102
{ACAD_REACTORS
330
C
102
}
330
C
100
AcDbDictionary
281
     1
  3
2dWireframe
350
37C
  3
Basic
350
37B
  3
Brighten
350
382
  3
ColorChange
350
386
  3
Conceptual
350
37F
  3
Dim
350
381
  3
EdgeColorOff
350
38E
  3
Facepattern
350
385
  3
Flat
350
377
  3
FlatWithEdges
350
378
  3
Gouraud
350
379
  3
GouraudWithEdges
350
37A
  3
Hidden
350
37E
  3
JitterOff
350
38C
  3
Linepattern
350
384
  3
OverhangOff
350
38D
  3
Realistic
350
380
  3
Shaded
350
38B
  3
Shaded with edges
350
38A
  3
Shades of Gray
350
387
  3
Sketchy
350
388
  3
Thicken
350
383
  3
Wireframe
350
37D
  3
X-Ray
350
389
  0
XRECORD
  5
69B
102
{ACAD_REACTORS
330
C
102
}
330
C
100
AcDbXrecord
280
     1
 90
        1
330
391
  0
DICTIONARY
  5
599
102
{ACAD_REACTORS
330
C
102
}
330
C
100
AcDbDictionary
281
     1
  3
CANNOSCALE
350
59F
  3
CMLEADERSTYLE
350
59B
  3
CTABLESTYLE
350
59A
  3
CVIEWDETAILSTYLE
350
59C
  3
CVIEWSECTIONSTYLE
350
59D
  3
LAYEREVAL
350
5A1
  3
LAYERNOTIFY
350
5A2
  3
LIGHTINGUNITS
350
5A0
  3
MSLTSCALE
350
59E
  0
DICTIONARY
  5
6A1
102
{ACAD_REACTORS
330
C
102
}
330
C
100
AcDbDictionary
281
     1
  3
AcDsRecords
350
6A3
  3
AcDsSchemas
350
6A2
1001
ACAD
1070
     2
  0
DICTIONARY
  5
3B2
102
{ACAD_REACTORS
330
3B1
102
}
330
3B1
100
AcDbDictionary
281
     1
  0
XRECORD
  5
3AB
102
{ACAD_REACTORS
330
3AA
102
}
330
3AA
100
AcDbXrecord
280
     1
290
     1
  0
XRECORD
  5
3AD
102
{ACAD_REACTORS
330
3AC
102
}
330
3AC
100
AcDbXrecord
280
     1
290
     1
  0
SORTENTSTABLE
  5
66A
102
{ACAD_REACTORS
330
669
102
}
330
669
100
AcDbSortentsTable
330
1F
331
665
  5
668
331
666
  5
66B
331
667
  5
66C
331
668
  5
666
331
66C
  5
667
  0
ACDBDETAILVIEWSTYLE
  5
397
102
{ACAD_XDICTIONARY
360
6A6
102
}
102
{ACAD_REACTORS
330
396
102
}
330
396
100
AcDbModelDocViewStyle
 70
     0
  3
Metric50
290
     0
100
AcDbDetailViewStyle
 70
     0
 71
     0
 90
        3
 71
     1
340
11
 62
   256
 40
5.0
340
0
 62
   256
 40
5.0
300

 40
0.0
280
     1
 71
     2
340
16
 90
       25
 62
   256
 71
     3
340
11
 62
   256
 40
5.0
 90
        0
 40
15.0
 90
        1
300
%<\AcVar ViewDetailId>% (%<\AcVar ViewScale \f "%sn">%)
 71
     4
340
16
 90
       25
 62
   256
340
16
 90
       25
 62
   256
280
     0
  0
LAYOUT
  5
1E
102
{ACAD_REACTORS
330
1A
102
}
330
1A
100
AcDbPlotSettings
  1

  2
none_device
  4

  6

 40
0.0
 41
0.0
 42
0.0
 43
0.0
 44
0.0
 45
0.0
 46
0.0
 47
0.0
 48
0.0
 49
0.0
140
0.0
141
0.0
142
1.0
143
1.0
 70
   688
 72
     1
 73
     0
 74
     5
  7

 75
    16
147
1.0
 76
     0
 77
     2
 78
   300
148
0.0
149
0.0
100
AcDbLayout
  1
Layout1
 70
     1
 71
     1
 10
0.0
 20
0.0
 11
420.0
 21
297.0
 12
0.0
 22
0.0
 32
0.0
 14
1.000000000000000E+20
 24
1.000000000000000E+20
 34
1.000000000000000E+20
 15
-1.000000000000000E+20
 25
-1.000000000000000E+20
 35
-1.000000000000000E+20
146
0.0
 13
0.0
 23
0.0
 33
0.0
 16
1.0
 26
0.0
 36
0.0
 17
0.0
 27
1.0
 37
0.0
 76
     0
330
1B
  0
LAYOUT
  5
26
102
{ACAD_REACTORS
330
1A
102
}
330
1A
100
AcDbPlotSettings
  1

  2
none_device
  4

  6

 40
0.0
 41
0.0
 42
0.0
 43
0.0
 44
0.0
 45
0.0
 46
0.0
 47
0.0
 48
0.0
 49
0.0
140
0.0
141
0.0
142
1.0
143
1.0
 70
   688
 72
     1
 73
     0
 74
     5
  7

 75
    16
147
1.0
 76
     0
 77
     2
 78
   300
148
0.0
149
0.0
100
AcDbLayout
  1
Layout2
 70
     1
 71
     2
 10
0.0
 20
0.0
 11
0.0
 21
0.0
 12
0.0
 22
0.0
 32
0.0
 14
0.0
 24
0.0
 34
0.0
 15
0.0
 25
0.0
 35
0.0
146
0.0
 13
0.0
 23
0.0
 33
0.0
 16
1.0
 26
0.0
 36
0.0
 17
0.0
 27
1.0
 37
0.0
 76
     0
330
23
  0
LAYOUT
  5
22
102
{ACAD_REACTORS
330
1A
102
}
330
1A
100
AcDbPlotSettings
  1

  2
none_device
  4
Letter_(8.50_x_11.00_Inches)
  6

 40
6.349999999999999
 41
6.349999999999999
 42
6.350005079999999
 43
6.350005079999999
 44
215.9
 45
279.4
 46
0.0
 47
0.0
 48
0.0
 49
0.0
140
0.0
141
0.0
142
1.0
143
1.0
 70
  1712
 72
     1
 73
     0
 74
     0
  7

 75
     0
147
1.0
 76
     0
 77
     2
 78
   300
148
0.0
149
0.0
100
AcDbLayout
  1
Model
 70
     1
 71
     0
 10
0.0
 20
0.0
 11
1189.0
 21
841.0
 12
0.0
 22
0.0
 32
0.0
 14
0.0
 24
0.0
 34
0.0
 15
1189.0
 25
841.0
 35
0.0
146
0.0
 13
0.0
 23
0.0
 33
0.0
 16
1.0
 26
0.0
 36
0.0
 17
0.0
 27
1.0
 37
0.0
 76
     0
330
1F
331
29
  0
MATERIAL
  5
366
102
{ACAD_XDICTIONARY
360
367
102
}
102
{ACAD_REACTORS
330
35D
102
}
330
35D
100
AcDbMaterial
  1
ByBlock
 72
     0
 43
0.0008202099737533
 43
0.0
 43
0.0
 43
0.0
 43
0.0
 43
0.0008202099737533
 43
0.0
 43
0.0
 43
0.0
 43
0.0
 43
1.0
 43
0.0
 43
0.0
 43
0.0
 43
0.0
 43
1.0
 77
     0
 47
0.0008202099737533
 47
0.0
 47
0.0
 47
0.0
 47
0.0
 47
0.0008202099737533
 47
0.0
 47
0.0
 47
0.0
 47
0.0
 47
1.0
 47
0.0
 47
0.0
 47
0.0
 47
0.0
 47
1.0
171
     0
 49
0.0008202099737533
 49
0.0
 49
0.0
 49
0.0
 49
0.0
 49
0.0008202099737533
 49
0.0
 49
0.0
 49
0.0
 49
0.0
 49
1.0
 49
0.0
 49
0.0
 49
0.0
 49
0.0
 49
1.0
175
     0
142
0.0008202099737533
142
0.0
142
0.0
142
0.0
142
0.0
142
0.0008202099737533
142
0.0
142
0.0
142
0.0
142
0.0
142
1.0
142
0.0
142
0.0
142
0.0
142
0.0
142
1.0
179
     0
144
0.0008202099737533
144
0.0
144
0.0
144
0.0
144
0.0
144
0.0008202099737533
144
0.0
144
0.0
144
0.0
144
0.0
144
1.0
144
0.0
144
0.0
144
0.0
144
0.0
144
1.0
147
0.0008202099737533
147
0.0
147
0.0
147
0.0
147
0.0
147
0.0008202099737533
147
0.0
147
0.0
147
0.0
147
0.0
147
1.0
147
0.0
147
0.0
147
0.0
147
0.0
147
1.0
  0
MATERIAL
  5
35E
102
{ACAD_XDICTIONARY
360
35F
102
}
102
{ACAD_REACTORS
330
35D
102
}
330
35D
100
AcDbMaterial
  1
ByLayer
 72
     0
 43
0.0008202099737533
 43
0.0
 43
0.0
 43
0.0
 43
0.0
 43
0.0008202099737533
 43
0.0
 43
0.0
 43
0.0
 43
0.0
 43
1.0
 43
0.0
 43
0.0
 43
0.0
 43
0.0
 43
1.0
 77
     0
 47
0.0008202099737533
 47
0.0
 47
0.0
 47
0.0
 47
0.0
 47
0.0008202099737533
 47
0.0
 47
0.0
 47
0.0
 47
0.0
 47
1.0
 47
0.0
 47
0.0
 47
0.0
 47
0.0
 47
1.0
171
     0
 49
0.0008202099737533
 49
0.0
 49
0.0
 49
0.0
 49
0.0
 49
0.0008202099737533
 49
0.0
 49
0.0
 49
0.0
 49
0.0
 49
1.0
 49
0.0
 49
0.0
 49
0.0
 49
0.0
 49
1.0
175
     0
142
0.0008202099737533
142
0.0
142
0.0
142
0.0
142
0.0
142
0.0008202099737533
142
0.0
142
0.0
142
0.0
142
0.0
142
1.0
142
0.0
142
0.0
142
0.0
142
0.0
142
1.0
179
     0
144
0.0008202099737533
144
0.0
144
0.0
144
0.0
144
0.0
144
0.0008202099737533
144
0.0
144
0.0
144
0.0
144
0.0
144
1.0
144
0.0
144
0.0
144
0.0
144
0.0
144
1.0
147
0.0008202099737533
147
0.0
147
0.0
147
0.0
147
0.0
147
0.0008202099737533
147
0.0
147
0.0
147
0.0
147
0.0
147
1.0
147
0.0
147
0.0
147
0.0
147
0.0
147
1.0
  0
MATERIAL
  5
36E
102
{ACAD_XDICTIONARY
360
36F
102
}
102
{ACAD_REACTORS
330
35D
102
}
330
35D
100
AcDbMaterial
  1
Global
 72
     0
 43
0.0008202099737533
 43
0.0
 43
0.0
 43
0.0
 43
0.0
 43
0.0008202099737533
 43
0.0
 43
0.0
 43
0.0
 43
0.0
 43
1.0
 43
0.0
 43
0.0
 43
0.0
 43
0.0
 43
1.0
 77
     0
 47
0.0008202099737533
 47
0.0
 47
0.0
 47
0.0
 47
0.0
 47
0.0008202099737533
 47
0.0
 47
0.0
 47
0.0
 47
0.0
 47
1.0
 47
0.0
 47
0.0
 47
0.0
 47
0.0
 47
1.0
171
     0
 49
0.0008202099737533
 49
0.0
 49
0.0
 49
0.0
 49
0.0
 49
0.0008202099737533
 49
0.0
 49
0.0
 49
0.0
 49
0.0
 49
1.0
 49
0.0
 49
0.0
 49
0.0
 49
0.0
 49
1.0
175
     0
142
0.0008202099737533
142
0.0
142
0.0
142
0.0
142
0.0
142
0.0008202099737533
142
0.0
142
0.0
142
0.0
142
0.0
142
1.0
142
0.0
142
0.0
142
0.0
142
0.0
142
1.0
179
     0
144
0.0008202099737533
144
0.0
144
0.0
144
0.0
144
0.0
144
0.0008202099737533
144
0.0
144
0.0
144
0.0
144
0.0
144
1.0
144
0.0
144
0.0
144
0.0
144
0.0
144
1.0
147
0.0008202099737533
147
0.0
147
0.0
147
0.0
147
0.0
147
0.0008202099737533
147
0.0
147
0.0
147
0.0
147
0.0
147
1.0
147
0.0
147
0.0
147
0.0
147
0.0
147
1.0
  0
MLEADERSTYLE
  5
393
102
{ACAD_REACTORS
330
392
102
}
330
392
100
AcDbMLeaderStyle
179
     2
170
     2
171
     1
172
     0
 90
        2
 40
0.0
 41
0.0
173
     1
 91
-1056964608
340
14
 92
       -2
290
     1
 42
2.0
291
     1
 43
0.36
  3
Standard
 44
4.0
300

342
11
174
     1
178
     6
175
     1
176
     0
 93
-1056964608
 45
4.0
292
     0
297
     0
 46
4.0
 94
-1056964608
 47
1.0
 49
1.0
140
1.0
293
     1
141
0.0
294
     1
177
     0
142
1.0
295
     0
296
     0
143
0.125
271
     0
272
     9
273
     9
298
     1
  0
MLINESTYLE
  5
18
102
{ACAD_REACTORS
330
17
102
}
330
17
100
AcDbMlineStyle
  2
STANDARD
 70
     0
  3

 62
   256
 51
90.0
 52
90.0
 71
     2
 49
0.5
 62
   256
  6
BYLAYER
 49
-0.5
 62
   256
  6
BYLAYER
  0
ACDBPLACEHOLDER
  5
F
102
{ACAD_REACTORS
330
E
102
}
330
E
  0
SCALE
  5
48
102
{ACAD_REACTORS
330
47
102
}
330
47
100
AcDbScale
 70
     0
300
1:1
140
1.0
141
1.0
290
     1
  0
SCALE
  5
49
102
{ACAD_REACTORS
330
47
102
}
330
47
100
AcDbScale
 70
     0
300
1:2
140
1.0
141
2.0
290
     0
  0
SCALE
  5
4A
102
{ACAD_REACTORS
330
47
102
}
330
47
100
AcDbScale
 70
     0
300
1:4
140
1.0
141
4.0
290
     0
  0
SCALE
  5
4B
102
{ACAD_REACTORS
330
47
102
}
330
47
100
AcDbScale
 70
     0
300
1:5
140
1.0
141
5.0
290
     0
  0
SCALE
  5
4C
102
{ACAD_REACTORS
330
47
102
}
330
47
100
AcDbScale
 70
     0
300
1:8
140
1.0
141
8.0
290
     0
  0
SCALE
  5
4D
102
{ACAD_REACTORS
330
47
102
}
330
47
100
AcDbScale
 70
     0
300
1:10
140
1.0
141
10.0
290
     0
  0
SCALE
  5
4E
102
{ACAD_REACTORS
330
47
102
}
330
47
100
AcDbScale
 70
     0
300
1:16
140
1.0
141
16.0
290
     0
  0
SCALE
  5
4F
102
{ACAD_REACTORS
330
47
102
}
330
47
100
AcDbScale
 70
     0
300
1:20
140
1.0
141
20.0
290
     0
  0
SCALE
  5
50
102
{ACAD_REACTORS
330
47
102
}
330
47
100
AcDbScale
 70
     0
300
1:30
140
1.0
141
30.0
290
     0
  0
SCALE
  5
51
102
{ACAD_REACTORS
330
47
102
}
330
47
100
AcDbScale
 70
     0
300
1:40
140
1.0
141
40.0
290
     0
  0
SCALE
  5
52
102
{ACAD_REACTORS
330
47
102
}
330
47
100
AcDbScale
 70
     0
300
1:50
140
1.0
141
50.0
290
     0
  0
SCALE
  5
53
102
{ACAD_REACTORS
330
47
102
}
330
47
100
AcDbScale
 70
     0
300
1:100
140
1.0
141
100.0
290
     0
  0
SCALE
  5
54
102
{ACAD_REACTORS
330
47
102
}
330
47
100
AcDbScale
 70
     0
300
2:1
140
2.0
141
1.0
290
     0
  0
SCALE
  5
55
102
{ACAD_REACTORS
330
47
102
}
330
47
100
AcDbScale
 70
     0
300
4:1
140
4.0
141
1.0
290
     0
  0
SCALE
  5
56
102
{ACAD_REACTORS
330
47
102
}
330
47
100
AcDbScale
 70
     0
300
8:1
140
8.0
141
1.0
290
     0
  0
SCALE
  5
57
102
{ACAD_REACTORS
330
47
102
}
330
47
100
AcDbScale
 70
     0
300
10:1
140
10.0
141
1.0
290
     0
  0
SCALE
  5
58
102
{ACAD_REACTORS
330
47
102
}
330
47
100
AcDbScale
 70
     0
300
100:1
140
100.0
141
1.0
290
     0
  0
ACDBSECTIONVIEWSTYLE
  5
395
102
{ACAD_XDICTIONARY
360
6A4
102
}
102
{ACAD_REACTORS
330
394
102
}
330
394
100
AcDbModelDocViewStyle
 70
     0
  3
Metric50
290
     0
100
AcDbSectionViewStyle
 70
     0
 71
     0
 90
      102
 71
     1
340
11
 62
   256
 40
5.0
340
0
340
0
 62
   256
 40
5.0
300
I, O, Q, S, X, Z
 40
10.0
 90
        0
 40
2.5
 90
        0
 71
     2
340
16
 90
       25
 62
   256
340
16
 90
       50
 62
   256
 40
5.0
 40
2.5
 40
5.0
 71
     3
340
11
 62
   256
 40
5.0
 90
        0
 40
15.0
 90
        1
300
%<\AcVar ViewSectionStartId>%-%<\AcVar ViewSectionEndId>% (%<\AcVar ViewScale \f "%sn">%)
 71
     4
 62
   256
 62
   257
300
ANSI31
 40
1.0
 90
        0
290
     0
290
     0
 90
        6
 40
0.0
 40
1.570796326794896
 40
0.2617993877991494
 40
1.308996938995747
 40
-0.2617993877991494
 40
1.832595714594046
  0
TABLESTYLE
  5
391
102
{ACAD_XDICTIONARY
360
699
102
}
102
{ACAD_REACTORS
330
390
102
}
330
390
100
AcDbTableStyle
280
     0
  3
Standard
 70
     0
 71
     0
 40
1.5
 41
1.5
280
     0
281
     0
  7
Standard
140
4.5
170
     2
 62
     0
 63
     7
283
     0
 90
      512
 91
        0
  1

274
    -2
284
     1
 64
     0
275
    -2
285
     1
 65
     0
276
    -2
286
     1
 66
     0
277
    -2
287
     1
 67
     0
278
    -2
288
     1
 68
     0
279
    -2
289
     1
 69
     0
  7
Standard
140
6.0
170
     5
 62
     0
 63
     7
283
     0
 90
      512
 91
        0
  1

274
    -2
284
     1
 64
     0
275
    -2
285
     1
 65
     0
276
    -2
286
     1
 66
     0
277
    -2
287
     1
 67
     0
278
    -2
288
     1
 68
     0
279
    -2
289
     1
 69
     0
  7
Standard
140
4.5
170
     5
 62
     0
 63
     7
283
     0
 90
      512
 91
        0
  1

274
    -2
284
     1
 64
     0
275
    -2
285
     1
 65
     0
276
    -2
286
     1
 66
     0
277
    -2
287
     1
 67
     0
278
    -2
288
     1
 68
     0
279
    -2
289
     1
 69
     0
  0
VISUALSTYLE
  5
37C
102
{ACAD_REACTORS
330
376
102
}
330
376
100
AcDbVisualStyle
  2
2dWireframe
 70
     4
177
     3
291
     0
 70
    58
 90
        0
176
     1
 90
        2
176
     1
 90
        0
176
     1
 90
        0
176
     1
 40
0.6
176
     1
 40
30.0
176
     1
 62
     7
420
 16777215
176
     1
 90
        1
176
     1
 90
        4
176
     1
 62
     7
176
     1
 62
   257
176
     1
 90
        1
176
     1
 90
        1
176
     1
 40
1.0
176
     1
 90
        0
176
     1
 62
   257
176
     1
 40
1.0
176
     1
 90
        1
176
     1
 90
        6
176
     1
 90
        2
176
     1
 62
     7
176
     1
 90
        5
176
     1
 90
        0
176
     1
 90
        0
176
     1
290
     0
176
     1
 90
        1
176
     1
 40
0.0
176
     1
 90
        0
176
     1
290
     1
176
     1
290
     1
176
     1
290
     0
176
     1
290
     0
176
     1
290
     0
176
     1
290
     0
176
     1
290
     0
176
     1
290
     0
176
     1
290
     0
176
     1
 90
       50
176
     1
 40
0.0
176
     1
 40
1.0
176
     1
 90
        0
176
     1
 62
    18
420
        0
176
     1
 90
       50
176
     1
 90
        3
176
     1
 62
     5
420
      255
176
     1
290
     0
176
     1
 90
       50
176
     1
 90
       50
176
     1
 90
       50
176
     1
290
     0
176
     1
 90
       50
176
     1
 62
   256
176
     0
 40
1.0
176
     0
 90
        2
176
     1
  1
strokes_ogs.tif
176
     1
290
     0
176
     1
 40
1.0
176
     1
 40
1.0
176
     1
1001
ACAD
1000
AcDbSavedByObjectVersion
1070
     0
  0
VISUALSTYLE
  5
37B
102
{ACAD_REACTORS
330
376
102
}
330
376
100
AcDbVisualStyle
  2
Basic
 70
     7
177
     3
291
     1
 70
    58
 90
        1
176
     1
 90
        0
176
     1
 90
        1
176
     1
 90
        0
176
     1
 40
0.6
176
     1
 40
30.0
176
     1
 62
     7
420
 16777215
176
     1
 90
        0
176
     1
 90
        4
176
     1
 62
     7
176
     1
 62
   257
176
     1
 90
        1
176
     1
 90
        1
176
     1
 40
1.0
176
     1
 90
        8
176
     1
 62
     7
176
     1
 40
1.0
176
     1
 90
        1
176
     1
 90
        6
176
     1
 90
        2
176
     1
 62
     7
176
     1
 90
        5
176
     1
 90
        0
176
     1
 90
        0
176
     1
290
     0
176
     1
 90
        1
176
     1
 40
0.0
176
     1
 90
        0
176
     1
290
     0
176
     1
290
     1
176
     1
290
     1
176
     1
290
     0
176
     1
290
     0
176
     1
290
     0
176
     1
290
     0
176
     1
290
     0
176
     1
290
     0
176
     1
 90
       50
176
     1
 40
0.0
176
     1
 40
1.0
176
     1
 90
        0
176
     1
 62
    18
420
        0
176
     1
 90
       50
176
     1
 90
        3
176
     1
 62
     5
420
      255
176
     1
290
     0
176
     1
 90
       50
176
     1
 90
       50
176
     1
 90
       50
176
     1
290
     0
176
     1
 90
       50
176
     1
 62
   256
176
     0
 40
1.0
176
     0
 90
        2
176
     1
  1
strokes_ogs.tif
176
     1
290
     0
176
     1
 40
1.0
176
     1
 40
1.0
176
     1
1001
ACAD
1000
AcDbSavedByObjectVersion
1070
     0
  0
VISUALSTYLE
  5
382
102
{ACAD_REACTORS
330
376
102
}
330
376
100
AcDbVisualStyle
  2
Brighten
 70
    12
177
     3
291
     1
 70
    58
 90
        2
176
     1
 90
        2
176
     1
 90
        0
176
     1
 90
        0
176
     1
 40
0.6
176
     1
 40
30.0
176
     1
 62
     7
420
 16777215
176
     1
 90
        1
176
     1
 90
        4
176
     1
 62
     7
176
     1
 62
   257
176
     1
 90
        1
176
     1
 90
        1
176
     1
 40
1.0
176
     1
 90
        8
176
     1
 62
     7
176
     1
 40
1.0
176
     1
 90
        1
176
     1
 90
        6
176
     1
 90
        2
176
     1
 62
     7
176
     1
 90
        5
176
     1
 90
        0
176
     1
 90
        0
176
     1
290
     0
176
     1
 90
        1
176
     1
 40
50.0
176
     1
 90
        0
176
     1
290
     0
176
     1
290
     1
176
     1
290
     1
176
     1
290
     0
176
     1
290
     0
176
     1
290
     0
176
     1
290
     0
176
     1
290
     0
176
     1
290
     0
176
     1
 90
       50
176
     1
 40
0.0
176
     1
 40
1.0
176
     1
 90
        0
176
     1
 62
    18
420
        0
176
     1
 90
       50
176
     1
 90
        3
176
     1
 62
     5
420
      255
176
     1
290
     0
176
     1
 90
       50
176
     1
 90
       50
176
     1
 90
       50
176
     1
290
     0
176
     1
 90
       50
176
     1
 62
   256
176
     0
 40
1.0
176
     0
 90
        2
176
     1
  1
strokes_ogs.tif
176
     1
290
     0
176
     1
 40
1.0
176
     1
 40
1.0
176
     1
1001
ACAD
1000
AcDbSavedByObjectVersion
1070
     0
  0
VISUALSTYLE
  5
386
102
{ACAD_REACTORS
330
376
102
}
330
376
100
AcDbVisualStyle
  2
ColorChange
 70
    16
177
     3
291
     1
 70
    58
 90
        2
176
     1
 90
        2
176
     1
 90
        3
176
     1
 90
        0
176
     1
 40
0.6
176
     1
 40
30.0
176
     1
 62
     8
420
  8421504
176
     1
 90
        1
176
     1
 90
        4
176
     1
 62
     7
176
     1
 62
   257
176
     1
 90
        1
176
     1
 90
        1
176
     1
 40
1.0
176
     1
 90
        8
176
     1
 62
     8
420
  8421504
176
     1
 40
1.0
176
     1
 90
        1
176
     1
 90
        6
176
     1
 90
        2
176
     1
 62
     7
176
     1
 90
        5
176
     1
 90
        0
176
     1
 90
        0
176
     1
290
     0
176
     1
 90
        1
176
     1
 40
0.0
176
     1
 90
        0
176
     1
290
     0
176
     1
290
     1
176
     1
290
     1
176
     1
290
     0
176
     1
290
     0
176
     1
290
     0
176
     1
290
     0
176
     1
290
     0
176
     1
290
     0
176
     1
 90
       50
176
     1
 40
0.0
176
     1
 40
1.0
176
     1
 90
        0
176
     1
 62
    18
420
        0
176
     1
 90
       50
176
     1
 90
        3
176
     1
 62
     5
420
      255
176
     1
290
     0
176
     1
 90
       50
176
     1
 90
       50
176
     1
 90
       50
176
     1
290
     0
176
     1
 90
       50
176
     1
 62
   256
176
     0
 40
1.0
176
     0
 90
        2
176
     1
  1
strokes_ogs.tif
176
     1
290
     0
176
     1
 40
1.0
176
     1
 40
1.0
176
     1
1001
ACAD
1000
AcDbSavedByObjectVersion
1070
     0
  0
VISUALSTYLE
  5
37F
102
{ACAD_REACTORS
330
376
102
}
330
376
100
AcDbVisualStyle
  2
Conceptual
 70
     9
177
     3
291
     0
 70
    58
 90
        3
176
     1
 90
        2
176
     1
 90
        0
176
     1
 90
        0
176
     1
 40
0.6
176
     1
 40
30.0
176
     1
 62
     7
420
 16777215
176
     1
 90
        2
176
     1
 90
        2
176
     1
 62
     7
176
     1
 62
   257
176
     1
 90
        1
176
     1
 90
        1
176
     1
 40
179.0
176
     1
 90
        8
176
     1
 62
     7
176
     1
 40
1.0
176
     1
 90
        1
176
     1
 90
        6
176
     1
 90
        2
176
     1
 62
     7
176
     1
 90
        3
176
     1
 90
        0
176
     1
 90
        0
176
     1
290
     0
176
     1
 90
        1
176
     1
 40
0.0
176
     1
 90
        0
176
     1
290
     0
176
     1
290
     1
176
     1
290
     1
176
     1
290
     0
176
     1
290
     0
176
     1
290
     0
176
     1
290
     0
176
     1
290
     0
176
     1
290
     0
176
     1
 90
       50
176
     1
 40
0.0
176
     1
 40
1.0
176
     1
 90
        0
176
     1
 62
    18
420
        0
176
     1
 90
       50
176
     1
 90
        3
176
     1
 62
     5
420
      255
176
     1
290
     0
176
     1
 90
       50
176
     1
 90
       50
176
     1
 90
       50
176
     1
290
     0
176
     1
 90
       50
176
     1
 62
   256
176
     0
 40
1.0
176
     0
 90
        2
176
     1
  1
strokes_ogs.tif
176
     1
290
     0
176
     1
 40
1.0
176
     1
 40
1.0
176
     1
1001
ACAD
1000
AcDbSavedByObjectVersion
1070
     0
  0
VISUALSTYLE
  5
381
102
{ACAD_REACTORS
330
376
102
}
330
376
100
AcDbVisualStyle
  2
Dim
 70
    11
177
     3
291
     1
 70
    58
 90
        2
176
     1
 90
        2
176
     1
 90
        0
176
     1
 90
        0
176
     1
 40
0.6
176
     1
 40
30.0
176
     1
 62
     7
420
 16777215
176
     1
 90
        1
176
     1
 90
        4
176
     1
 62
     7
176
     1
 62
   257
176
     1
 90
        1
176
     1
 90
        1
176
     1
 40
1.0
176
     1
 90
        8
176
     1
 62
     7
176
     1
 40
1.0
176
     1
 90
        1
176
     1
 90
        6
176
     1
 90
        2
176
     1
 62
     7
176
     1
 90
        5
176
     1
 90
        0
176
     1
 90
        0
176
     1
290
     0
176
     1
 90
        1
176
     1
 40
-50.0
176
     1
 90
        0
176
     1
290
     0
176
     1
290
     1
176
     1
290
     1
176
     1
290
     0
176
     1
290
     0
176
     1
290
     0
176
     1
290
     0
176
     1
290
     0
176
     1
290
     0
176
     1
 90
       50
176
     1
 40
0.0
176
     1
 40
1.0
176
     1
 90
        0
176
     1
 62
    18
420
        0
176
     1
 90
       50
176
     1
 90
        3
176
     1
 62
     5
420
      255
176
     1
290
     0
176
     1
 90
       50
176
     1
 90
       50
176
     1
 90
       50
176
     1
290
     0
176
     1
 90
       50
176
     1
 62
   256
176
     0
 40
1.0
176
     0
 90
        2
176
     1
  1
strokes_ogs.tif
176
     1
290
     0
176
     1
 40
1.0
176
     1
 40
1.0
176
     1
1001
ACAD
1000
AcDbSavedByObjectVersion
1070
     0
  0
VISUALSTYLE
  5
38E
102
{ACAD_REACTORS
330
376
102
}
330
376
100
AcDbVisualStyle
  2
EdgeColorOff
 70
    22
177
     3
291
     1
 70
    58
 90
        2
176
     0
 90
        2
176
     0
 90
        0
176
     0
 90
        0
176
     0
 40
0.6
176
     0
 40
30.0
176
     0
 62
     7
420
 16777215
176
     0
 90
        1
176
     0
 90
        4
176
     0
 62
     7
176
     0
 62
   257
176
     0
 90
        1
176
     0
 90
        1
176
     0
 40
1.0
176
     0
 90
        8
176
     2
 62
     7
176
     0
 40
1.0
176
     0
 90
        1
176
     0
 90
        6
176
     0
 90
        2
176
     0
 62
     7
176
     0
 90
        5
176
     0
 90
        0
176
     0
 90
        0
176
     0
290
     0
176
     0
 90
        1
176
     0
 40
0.0
176
     0
 90
        0
176
     0
290
     0
176
     0
290
     1
176
     0
290
     1
176
     0
290
     0
176
     0
290
     0
176
     0
290
     0
176
     0
290
     0
176
     0
290
     0
176
     0
290
     0
176
     0
 90
       50
176
     0
 40
0.0
176
     0
 40
1.0
176
     0
 90
        0
176
     0
 62
    18
420
        0
176
     0
 90
       50
176
     0
 90
        3
176
     0
 62
     5
420
      255
176
     0
290
     0
176
     0
 90
       50
176
     0
 90
       50
176
     0
 90
       50
176
     0
290
     0
176
     0
 90
       50
176
     0
 62
   256
176
     0
 40
1.0
176
     0
 90
        2
176
     0
  1
strokes_ogs.tif
176
     0
290
     0
176
     0
 40
1.0
176
     0
 40
1.0
176
     0
1001
ACAD
1000
AcDbSavedByObjectVersion
1070
     0
  0
VISUALSTYLE
  5
385
102
{ACAD_REACTORS
330
376
102
}
330
376
100
AcDbVisualStyle
  2
Facepattern
 70
    15
177
     3
291
     1
 70
    58
 90
        2
176
     1
 90
        2
176
     1
 90
        0
176
     1
 90
        0
176
     1
 40
0.6
176
     1
 40
30.0
176
     1
 62
     7
420
 16777215
176
     1
 90
        1
176
     1
 90
        4
176
     1
 62
     7
176
     1
 62
   257
176
     1
 90
        1
176
     1
 90
        1
176
     1
 40
1.0
176
     1
 90
        8
176
     1
 62
     7
176
     1
 40
1.0
176
     1
 90
        1
176
     1
 90
        6
176
     1
 90
        2
176
     1
 62
     7
176
     1
 90
        5
176
     1
 90
        0
176
     1
 90
        0
176
     1
290
     0
176
     1
 90
        1
176
     1
 40
0.0
176
     1
 90
        0
176
     1
290
     0
176
     1
290
     1
176
     1
290
     1
176
     1
290
     0
176
     1
290
     0
176
     1
290
     0
176
     1
290
     0
176
     1
290
     0
176
     1
290
     0
176
     1
 90
       50
176
     1
 40
0.0
176
     1
 40
1.0
176
     1
 90
        0
176
     1
 62
    18
420
        0
176
     1
 90
       50
176
     1
 90
        3
176
     1
 62
     5
420
      255
176
     1
290
     0
176
     1
 90
       50
176
     1
 90
       50
176
     1
 90
       50
176
     1
290
     0
176
     1
 90
       50
176
     1
 62
   256
176
     0
 40
1.0
176
     0
 90
        2
176
     1
  1
strokes_ogs.tif
176
     1
290
     0
176
     1
 40
1.0
176
     1
 40
1.0
176
     1
1001
ACAD
1000
AcDbSavedByObjectVersion
1070
     0
  0
VISUALSTYLE
  5
377
102
{ACAD_REACTORS
330
376
102
}
330
376
100
AcDbVisualStyle
  2
Flat
 70
     0
177
     3
291
     1
 70
    58
 90
        2
176
     1
 90
        1
176
     1
 90
        1
176
     1
 90
        2
176
     1
 40
0.6
176
     1
 40
30.0
176
     1
 62
     7
420
 16777215
176
     1
 90
        0
176
     1
 90
        0
176
     1
 62
     7
176
     1
 62
   257
176
     1
 90
        1
176
     1
 90
        1
176
     1
 40
1.0
176
     1
 90
        8
176
     1
 62
     7
176
     1
 40
1.0
176
     1
 90
        1
176
     1
 90
        6
176
     1
 90
        2
176
     1
 62
     7
176
     1
 90
        5
176
     1
 90
        0
176
     1
 90
        0
176
     1
290
     0
176
     1
 90
       13
176
     1
 40
0.0
176
     1
 90
        0
176
     1
290
     0
176
     1
290
     1
176
     1
290
     1
176
     1
290
     0
176
     1
290
     0
176
     1
290
     0
176
     1
290
     0
176
     1
290
     0
176
     1
290
     0
176
     1
 90
       50
176
     1
 40
0.0
176
     1
 40
1.0
176
     1
 90
        0
176
     1
 62
    18
420
        0
176
     1
 90
       50
176
     1
 90
        3
176
     1
 62
     5
420
      255
176
     1
290
     0
176
     1
 90
       50
176
     1
 90
       50
176
     1
 90
       50
176
     1
290
     0
176
     1
 90
       50
176
     1
 62
   256
176
     0
 40
1.0
176
     0
 90
        2
176
     1
  1
strokes_ogs.tif
176
     1
290
     0
176
     1
 40
1.0
176
     1
 40
1.0
176
     1
1001
ACAD
1000
AcDbSavedByObjectVersion
1070
     0
  0
VISUALSTYLE
  5
378
102
{ACAD_REACTORS
330
376
102
}
330
376
100
AcDbVisualStyle
  2
FlatWithEdges
 70
     1
177
     3
291
     1
 70
    58
 90
        2
176
     1
 90
        1
176
     1
 90
        1
176
     1
 90
        2
176
     1
 40
0.6
176
     1
 40
30.0
176
     1
 62
     7
420
 16777215
176
     1
 90
        1
176
     1
 90
        0
176
     1
 62
     7
176
     1
 62
   257
176
     1
 90
        1
176
     1
 90
        1
176
     1
 40
1.0
176
     1
 90
        0
176
     1
 62
   257
176
     1
 40
1.0
176
     1
 90
        1
176
     1
 90
        6
176
     1
 90
        2
176
     1
 62
     7
176
     1
 90
        5
176
     1
 90
        0
176
     1
 90
        0
176
     1
290
     0
176
     1
 90
       13
176
     1
 40
0.0
176
     1
 90
        0
176
     1
290
     0
176
     1
290
     1
176
     1
290
     1
176
     1
290
     0
176
     1
290
     0
176
     1
290
     0
176
     1
290
     0
176
     1
290
     0
176
     1
290
     0
176
     1
 90
       50
176
     1
 40
0.0
176
     1
 40
1.0
176
     1
 90
        0
176
     1
 62
    18
420
        0
176
     1
 90
       50
176
     1
 90
        3
176
     1
 62
     5
420
      255
176
     1
290
     0
176
     1
 90
       50
176
     1
 90
       50
176
     1
 90
       50
176
     1
290
     0
176
     1
 90
       50
176
     1
 62
   256
176
     0
 40
1.0
176
     0
 90
        2
176
     1
  1
strokes_ogs.tif
176
     1
290
     0
176
     1
 40
1.0
176
     1
 40
1.0
176
     1
1001
ACAD
1000
AcDbSavedByObjectVersion
1070
     0
  0
VISUALSTYLE
  5
379
102
{ACAD_REACTORS
330
376
102
}
330
376
100
AcDbVisualStyle
  2
Gouraud
 70
     2
177
     3
291
     1
 70
    58
 90
        2
176
     1
 90
        2
176
     1
 90
        1
176
     1
 90
        2
176
     1
 40
0.6
176
     1
 40
30.0
176
     1
 62
     7
420
 16777215
176
     1
 90
        0
176
     1
 90
        0
176
     1
 62
     7
176
     1
 62
   257
176
     1
 90
        1
176
     1
 90
        1
176
     1
 40
1.0
176
     1
 90
        0
176
     1
 62
     7
176
     1
 40
1.0
176
     1
 90
        1
176
     1
 90
        6
176
     1
 90
        2
176
     1
 62
     7
176
     1
 90
        5
176
     1
 90
        0
176
     1
 90
        0
176
     1
290
     0
176
     1
 90
       13
176
     1
 40
0.0
176
     1
 90
        0
176
     1
290
     0
176
     1
290
     1
176
     1
290
     1
176
     1
290
     0
176
     1
290
     0
176
     1
290
     0
176
     1
290
     0
176
     1
290
     0
176
     1
290
     0
176
     1
 90
       50
176
     1
 40
0.0
176
     1
 40
1.0
176
     1
 90
        0
176
     1
 62
    18
420
        0
176
     1
 90
       50
176
     1
 90
        3
176
     1
 62
     5
420
      255
176
     1
290
     0
176
     1
 90
       50
176
     1
 90
       50
176
     1
 90
       50
176
     1
290
     0
176
     1
 90
       50
176
     1
 62
   256
176
     0
 40
1.0
176
     0
 90
        2
176
     1
  1
strokes_ogs.tif
176
     1
290
     0
176
     1
 40
1.0
176
     1
 40
1.0
176
     1
1001
ACAD
1000
AcDbSavedByObjectVersion
1070
     0
  0
VISUALSTYLE
  5
37A
102
{ACAD_REACTORS
330
376
102
}
330
376
100
AcDbVisualStyle
  2
GouraudWithEdges
 70
     3
177
     3
291
     1
 70
    58
 90
        2
176
     1
 90
        2
176
     1
 90
        1
176
     1
 90
        2
176
     1
 40
0.6
176
     1
 40
30.0
176
     1
 62
     7
420
 16777215
176
     1
 90
        1
176
     1
 90
        0
176
     1
 62
     7
176
     1
 62
   257
176
     1
 90
        1
176
     1
 90
        1
176
     1
 40
1.0
176
     1
 90
        0
176
     1
 62
   257
176
     1
 40
1.0
176
     1
 90
        1
176
     1
 90
        6
176
     1
 90
        2
176
     1
 62
     7
176
     1
 90
        5
176
     1
 90
        0
176
     1
 90
        0
176
     1
290
     0
176
     1
 90
       13
176
     1
 40
0.0
176
     1
 90
        0
176
     1
290
     0
176
     1
290
     1
176
     1
290
     1
176
     1
290
     0
176
     1
290
     0
176
     1
290
     0
176
     1
290
     0
176
     1
290
     0
176
     1
290
     0
176
     1
 90
       50
176
     1
 40
0.0
176
     1
 40
1.0
176
     1
 90
        0
176
     1
 62
    18
420
        0
176
     1
 90
       50
176
     1
 90
        3
176
     1
 62
     5
420
      255
176
     1
290
     0
176
     1
 90
       50
176
     1
 90
       50
176
     1
 90
       50
176
     1
290
     0
176
     1
 90
       50
176
     1
 62
   256
176
     0
 40
1.0
176
     0
 90
        2
176
     1
  1
strokes_ogs.tif
176
     1
290
     0
176
     1
 40
1.0
176
     1
 40
1.0
176
     1
1001
ACAD
1000
AcDbSavedByObjectVersion
1070
     0
  0
VISUALSTYLE
  5
37E
102
{ACAD_REACTORS
330
376
102
}
330
376
100
AcDbVisualStyle
  2
Hidden
 70
     6
177
     3
291
     0
 70
    58
 90
        1
176
     1
 90
        2
176
     1
 90
        2
176
     1
 90
        0
176
     1
 40
0.6
176
     1
 40
30.0
176
     1
 62
     7
420
 16777215
176
     1
 90
        2
176
     1
 90
        2
176
     1
 62
     7
176
     1
 62
   257
176
     1
 90
        2
176
     1
 90
        1
176
     1
 40
40.0
176
     1
 90
        0
176
     1
 62
   257
176
     1
 40
1.0
176
     1
 90
        1
176
     1
 90
        6
176
     1
 90
        2
176
     1
 62
     7
176
     1
 90
        3
176
     1
 90
        0
176
     1
 90
        0
176
     1
290
     0
176
     1
 90
        1
176
     1
 40
0.0
176
     1
 90
        0
176
     1
290
     0
176
     1
290
     1
176
     1
290
     1
176
     1
290
     0
176
     1
290
     0
176
     1
290
     0
176
     1
290
     0
176
     1
290
     0
176
     1
290
     0
176
     1
 90
       50
176
     1
 40
0.0
176
     1
 40
1.0
176
     1
 90
        0
176
     1
 62
    18
420
        0
176
     1
 90
       50
176
     1
 90
        3
176
     1
 62
     5
420
      255
176
     1
290
     0
176
     1
 90
       50
176
     1
 90
       50
176
     1
 90
       50
176
     1
290
     0
176
     1
 90
       50
176
     1
 62
   256
176
     0
 40
1.0
176
     0
 90
        2
176
     1
  1
strokes_ogs.tif
176
     1
290
     0
176
     1
 40
1.0
176
     1
 40
1.0
176
     1
1001
ACAD
1000
AcDbSavedByObjectVersion
1070
     0
  0
VISUALSTYLE
  5
38C
102
{ACAD_REACTORS
330
376
102
}
330
376
100
AcDbVisualStyle
  2
JitterOff
 70
    20
177
     3
291
     1
 70
    58
 90
        2
176
     0
 90
        2
176
     0
 90
        0
176
     0
 90
        0
176
     0
 40
0.6
176
     0
 40
30.0
176
     0
 62
     7
420
 16777215
176
     0
 90
        1
176
     0
 90
        4
176
     0
 62
     7
176
     0
 62
   257
176
     0
 90
        1
176
     0
 90
        1
176
     0
 40
1.0
176
     0
 90
       10
176
     2
 62
     7
176
     0
 40
1.0
176
     0
 90
        1
176
     0
 90
        6
176
     0
 90
        2
176
     0
 62
     7
176
     0
 90
        5
176
     0
 90
        0
176
     0
 90
        0
176
     0
290
     0
176
     0
 90
        1
176
     0
 40
0.0
176
     0
 90
        0
176
     0
290
     0
176
     0
290
     1
176
     0
290
     1
176
     0
290
     0
176
     0
290
     0
176
     0
290
     0
176
     0
290
     0
176
     0
290
     0
176
     0
290
     0
176
     0
 90
       50
176
     0
 40
0.0
176
     0
 40
1.0
176
     0
 90
        0
176
     0
 62
    18
420
        0
176
     0
 90
       50
176
     0
 90
        3
176
     0
 62
     5
420
      255
176
     0
290
     0
176
     0
 90
       50
176
     0
 90
       50
176
     0
 90
       50
176
     0
290
     0
176
     0
 90
       50
176
     0
 62
   256
176
     0
 40
1.0
176
     0
 90
        2
176
     0
  1
strokes_ogs.tif
176
     0
290
     0
176
     0
 40
1.0
176
     0
 40
1.0
176
     0
1001
ACAD
1000
AcDbSavedByObjectVersion
1070
     0
  0
VISUALSTYLE
  5
384
102
{ACAD_REACTORS
330
376
102
}
330
376
100
AcDbVisualStyle
  2
Linepattern
 70
    14
177
     3
291
     1
 70
    58
 90
        2
176
     1
 90
        2
176
     1
 90
        0
176
     1
 90
        0
176
     1
 40
0.6
176
     1
 40
30.0
176
     1
 62
     7
420
 16777215
176
     1
 90
        1
176
     1
 90
        4
176
     1
 62
     7
176
     1
 62
   257
176
     1
 90
        7
176
     1
 90
        7
176
     1
 40
1.0
176
     1
 90
        8
176
     1
 62
     7
176
     1
 40
1.0
176
     1
 90
        1
176
     1
 90
        6
176
     1
 90
        2
176
     1
 62
     7
176
     1
 90
        5
176
     1
 90
        0
176
     1
 90
        0
176
     1
290
     0
176
     1
 90
        1
176
     1
 40
0.0
176
     1
 90
        0
176
     1
290
     0
176
     1
290
     1
176
     1
290
     1
176
     1
290
     0
176
     1
290
     0
176
     1
290
     0
176
     1
290
     0
176
     1
290
     0
176
     1
290
     0
176
     1
 90
       50
176
     1
 40
0.0
176
     1
 40
1.0
176
     1
 90
        0
176
     1
 62
    18
420
        0
176
     1
 90
       50
176
     1
 90
        3
176
     1
 62
     5
420
      255
176
     1
290
     0
176
     1
 90
       50
176
     1
 90
       50
176
     1
 90
       50
176
     1
290
     0
176
     1
 90
       50
176
     1
 62
   256
176
     0
 40
1.0
176
     0
 90
        2
176
     1
  1
strokes_ogs.tif
176
     1
290
     0
176
     1
 40
1.0
176
     1
 40
1.0
176
     1
1001
ACAD
1000
AcDbSavedByObjectVersion
1070
     0
  0
VISUALSTYLE
  5
38D
102
{ACAD_REACTORS
330
376
102
}
330
376
100
AcDbVisualStyle
  2
OverhangOff
 70
    21
177
     3
291
     1
 70
    58
 90
        2
176
     0
 90
        2
176
     0
 90
        0
176
     0
 90
        0
176
     0
 40
0.6
176
     0
 40
30.0
176
     0
 62
     7
420
 16777215
176
     0
 90
        1
176
     0
 90
        4
176
     0
 62
     7
176
     0
 62
   257
176
     0
 90
        1
176
     0
 90
        1
176
     0
 40
1.0
176
     0
 90
        9
176
     2
 62
     7
176
     0
 40
1.0
176
     0
 90
        1
176
     0
 90
        6
176
     0
 90
        2
176
     0
 62
     7
176
     0
 90
        5
176
     0
 90
        0
176
     0
 90
        0
176
     0
290
     0
176
     0
 90
        1
176
     0
 40
0.0
176
     0
 90
        0
176
     0
290
     0
176
     0
290
     1
176
     0
290
     1
176
     0
290
     0
176
     0
290
     0
176
     0
290
     0
176
     0
290
     0
176
     0
290
     0
176
     0
290
     0
176
     0
 90
       50
176
     0
 40
0.0
176
     0
 40
1.0
176
     0
 90
        0
176
     0
 62
    18
420
        0
176
     0
 90
       50
176
     0
 90
        3
176
     0
 62
     5
420
      255
176
     0
290
     0
176
     0
 90
       50
176
     0
 90
       50
176
     0
 90
       50
176
     0
290
     0
176
     0
 90
       50
176
     0
 62
   256
176
     0
 40
1.0
176
     0
 90
        2
176
     0
  1
strokes_ogs.tif
176
     0
290
     0
176
     0
 40
1.0
176
     0
 40
1.0
176
     0
1001
ACAD
1000
AcDbSavedByObjectVersion
1070
     0
  0
VISUALSTYLE
  5
380
102
{ACAD_REACTORS
330
376
102
}
330
376
100
AcDbVisualStyle
  2
Realistic
 70
     8
177
     3
291
     0
 70
    58
 90
        2
176
     1
 90
        3
176
     1
 90
        0
176
     1
 90
        2
176
     1
 40
0.6
176
     1
 40
30.0
176
     1
 62
     7
420
 16777215
176
     1
 90
        0
176
     1
 90
        0
176
     1
 62
     7
176
     1
 62
   257
176
     1
 90
        1
176
     1
 90
        1
176
     1
 40
1.0
176
     1
 90
        8
176
     1
 62
   257
176
     1
 40
1.0
176
     1
 90
        1
176
     1
 90
        6
176
     1
 90
        2
176
     1
 62
     7
176
     1
 90
        3
176
     1
 90
        0
176
     1
 90
        0
176
     1
290
     0
176
     1
 90
       13
176
     1
 40
0.0
176
     1
 90
        0
176
     1
290
     0
176
     1
290
     1
176
     1
290
     1
176
     1
290
     0
176
     1
290
     0
176
     1
290
     0
176
     1
290
     0
176
     1
290
     0
176
     1
290
     0
176
     1
 90
       50
176
     1
 40
0.0
176
     1
 40
1.0
176
     1
 90
        0
176
     1
 62
    18
420
        0
176
     1
 90
       50
176
     1
 90
        3
176
     1
 62
     5
420
      255
176
     1
290
     0
176
     1
 90
       50
176
     1
 90
       50
176
     1
 90
       50
176
     1
290
     0
176
     1
 90
       50
176
     1
 62
   256
176
     0
 40
1.0
176
     0
 90
        2
176
     1
  1
strokes_ogs.tif
176
     1
290
     0
176
     1
 40
1.0
176
     1
 40
1.0
176
     1
1001
ACAD
1000
AcDbSavedByObjectVersion
1070
     0
  0
VISUALSTYLE
  5
38B
102
{ACAD_REACTORS
330
376
102
}
330
376
100
AcDbVisualStyle
  2
Shaded
 70
    27
177
     3
291
     0
 70
    58
 90
        2
176
     1
 90
        2
176
     1
 90
        1
176
     1
 90
        2
176
     1
 40
0.6
176
     1
 40
30.0
176
     1
 62
     7
420
 16777215
176
     1
 90
        0
176
     1
 90
        4
176
     1
 62
     7
176
     1
 62
   257
176
     1
 90
        1
176
     1
 90
        1
176
     1
 40
1.0
176
     1
 90
        8
176
     1
 62
   257
176
     1
 40
1.0
176
     1
 90
        1
176
     1
 90
        6
176
     1
 90
        2
176
     1
 62
     8
420
  7895160
176
     1
 90
        3
176
     1
 90
        0
176
     1
 90
        0
176
     1
290
     0
176
     1
 90
        5
176
     1
 40
0.0
176
     1
 90
        0
176
     1
290
     0
176
     1
290
     1
176
     1
290
     1
176
     1
290
     0
176
     1
290
     0
176
     1
290
     0
176
     1
290
     0
176
     1
290
     0
176
     1
290
     0
176
     1
 90
       50
176
     1
 40
0.0
176
     1
 40
1.0
176
     1
 90
        0
176
     1
 62
    18
420
        0
176
     1
 90
       50
176
     1
 90
        3
176
     1
 62
     5
420
      255
176
     1
290
     0
176
     1
 90
       50
176
     1
 90
       50
176
     1
 90
       50
176
     1
290
     0
176
     1
 90
       50
176
     1
 62
   256
176
     0
 40
1.0
176
     0
 90
        2
176
     1
  1
strokes_ogs.tif
176
     1
290
     0
176
     1
 40
1.0
176
     1
 40
1.0
176
     1
1001
ACAD
1000
AcDbSavedByObjectVersion
1070
     0
  0
VISUALSTYLE
  5
38A
102
{ACAD_REACTORS
330
376
102
}
330
376
100
AcDbVisualStyle
  2
Shaded with edges
 70
    26
177
     3
291
     0
 70
    58
 90
        2
176
     1
 90
        2
176
     1
 90
        1
176
     1
 90
        2
176
     1
 40
0.6
176
     1
 40
30.0
176
     1
 62
     7
420
 16777215
176
     1
 90
        1
176
     1
 90
        2
176
     1
 62
     7
176
     1
 62
   257
176
     1
 90
        2
176
     1
 90
        1
176
     1
 40
1.0
176
     1
 90
        8
176
     1
 62
   257
176
     1
 40
1.0
176
     1
 90
        1
176
     1
 90
        6
176
     1
 90
        2
176
     1
 62
     7
176
     1
 90
        3
176
     1
 90
        0
176
     1
 90
        0
176
     1
290
     0
176
     1
 90
        5
176
     1
 40
0.0
176
     1
 90
        0
176
     1
290
     0
176
     1
290
     1
176
     1
290
     1
176
     1
290
     0
176
     1
290
     0
176
     1
290
     0
176
     1
290
     0
176
     1
290
     0
176
     1
290
     0
176
     1
 90
       50
176
     1
 40
0.0
176
     1
 40
1.0
176
     1
 90
        0
176
     1
 62
    18
420
        0
176
     1
 90
       50
176
     1
 90
        3
176
     1
 62
     5
420
      255
176
     1
290
     0
176
     1
 90
       50
176
     1
 90
       50
176
     1
 90
       50
176
     1
290
     0
176
     1
 90
       50
176
     1
 62
   256
176
     0
 40
1.0
176
     0
 90
        2
176
     1
  1
strokes_ogs.tif
176
     1
290
     0
176
     1
 40
1.0
176
     1
 40
1.0
176
     1
1001
ACAD
1000
AcDbSavedByObjectVersion
1070
     0
  0
VISUALSTYLE
  5
387
102
{ACAD_REACTORS
330
376
102
}
330
376
100
AcDbVisualStyle
  2
Shades of Gray
 70
    23
177
     3
291
     0
 70
    58
 90
        2
176
     1
 90
        2
176
     1
 90
        3
176
     1
 90
        0
176
     1
 40
0.6
176
     1
 40
30.0
176
     1
 62
     7
420
 16777215
176
     1
 90
        2
176
     1
 90
        2
176
     1
 62
     7
176
     1
 62
     7
176
     1
 90
        1
176
     1
 90
        1
176
     1
 40
40.0
176
     1
 90
        8
176
     1
 62
     7
176
     1
 40
1.0
176
     1
 90
        1
176
     1
 90
        6
176
     1
 90
        2
176
     1
 62
     7
176
     1
 90
        3
176
     1
 90
        0
176
     1
 90
        0
176
     1
290
     0
176
     1
 90
        1
176
     1
 40
0.0
176
     1
 90
        0
176
     1
290
     0
176
     1
290
     1
176
     1
290
     1
176
     1
290
     0
176
     1
290
     0
176
     1
290
     0
176
     1
290
     0
176
     1
290
     0
176
     1
290
     0
176
     1
 90
       50
176
     1
 40
0.0
176
     1
 40
1.0
176
     1
 90
        0
176
     1
 62
    18
420
        0
176
     1
 90
       50
176
     1
 90
        3
176
     1
 62
     5
420
      255
176
     1
290
     0
176
     1
 90
       50
176
     1
 90
       50
176
     1
 90
       50
176
     1
290
     0
176
     1
 90
       50
176
     1
 62
   256
176
     0
 40
1.0
176
     0
 90
        2
176
     1
  1
strokes_ogs.tif
176
     1
290
     0
176
     1
 40
1.0
176
     1
 40
1.0
176
     1
1001
ACAD
1000
AcDbSavedByObjectVersion
1070
     0
  0
VISUALSTYLE
  5
388
102
{ACAD_REACTORS
330
376
102
}
330
376
100
AcDbVisualStyle
  2
Sketchy
 70
    24
177
     3
291
     0
 70
    58
 90
        1
176
     1
 90
        2
176
     1
 90
        2
176
     1
 90
        0
176
     1
 40
0.6
176
     1
 40
30.0
176
     1
 62
     7
420
 16777215
176
     1
 90
        2
176
     1
 90
        2
176
     1
 62
     7
176
     1
 62
     7
176
     1
 90
        1
176
     1
 90
        1
176
     1
 40
40.0
176
     1
 90
       11
176
     1
 62
     7
176
     1
 40
1.0
176
     1
 90
        1
176
     1
 90
        6
176
     1
 90
        2
176
     1
 62
     7
176
     1
 90
        6
176
     1
 90
        0
176
     1
 90
        0
176
     1
290
     0
176
     1
 90
        1
176
     1
 40
0.0
176
     1
 90
        0
176
     1
290
     0
176
     1
290
     1
176
     1
290
     1
176
     1
290
     0
176
     1
290
     0
176
     1
290
     0
176
     1
290
     0
176
     1
290
     0
176
     1
290
     0
176
     1
 90
       50
176
     1
 40
0.0
176
     1
 40
1.0
176
     1
 90
        0
176
     1
 62
    18
420
        0
176
     1
 90
       50
176
     1
 90
        3
176
     1
 62
     5
420
      255
176
     1
290
     0
176
     1
 90
       50
176
     1
 90
       50
176
     1
 90
       50
176
     1
290
     0
176
     1
 90
       50
176
     1
 62
   256
176
     0
 40
1.0
176
     0
 90
        2
176
     1
  1
strokes_ogs.tif
176
     1
290
     0
176
     1
 40
1.0
176
     1
 40
1.0
176
     1
1001
ACAD
1000
AcDbSavedByObjectVersion
1070
     0
  0
VISUALSTYLE
  5
383
102
{ACAD_REACTORS
330
376
102
}
330
376
100
AcDbVisualStyle
  2
Thicken
 70
    13
177
     3
291
     1
 70
    58
 90
        2
176
     1
 90
        2
176
     1
 90
        0
176
     1
 90
        0
176
     1
 40
0.6
176
     1
 40
30.0
176
     1
 62
     7
420
 16777215
176
     1
 90
        1
176
     1
 90
        4
176
     1
 62
     7
176
     1
 62
   257
176
     1
 90
        1
176
     1
 90
        1
176
     1
 40
1.0
176
     1
 90
       12
176
     1
 62
     7
176
     1
 40
1.0
176
     1
 90
        1
176
     1
 90
        6
176
     1
 90
        2
176
     1
 62
     7
176
     1
 90
        5
176
     1
 90
        0
176
     1
 90
        0
176
     1
290
     0
176
     1
 90
        1
176
     1
 40
0.0
176
     1
 90
        0
176
     1
290
     0
176
     1
290
     1
176
     1
290
     1
176
     1
290
     0
176
     1
290
     0
176
     1
290
     0
176
     1
290
     0
176
     1
290
     0
176
     1
290
     0
176
     1
 90
       50
176
     1
 40
0.0
176
     1
 40
1.0
176
     1
 90
        0
176
     1
 62
    18
420
        0
176
     1
 90
       50
176
     1
 90
        3
176
     1
 62
     5
420
      255
176
     1
290
     0
176
     1
 90
       50
176
     1
 90
       50
176
     1
 90
       50
176
     1
290
     0
176
     1
 90
       50
176
     1
 62
   256
176
     0
 40
1.0
176
     0
 90
        2
176
     1
  1
strokes_ogs.tif
176
     1
290
     0
176
     1
 40
1.0
176
     1
 40
1.0
176
     1
1001
ACAD
1000
AcDbSavedByObjectVersion
1070
     0
  0
VISUALSTYLE
  5
37D
102
{ACAD_REACTORS
330
376
102
}
330
376
100
AcDbVisualStyle
  2
Wireframe
 70
     5
177
     3
291
     0
 70
    58
 90
        0
176
     1
 90
        2
176
     1
 90
        0
176
     1
 90
        0
176
     1
 40
0.6
176
     1
 40
30.0
176
     1
 62
     7
420
 16777215
176
     1
 90
        1
176
     1
 90
        4
176
     1
 62
     7
176
     1
 62
   257
176
     1
 90
        1
176
     1
 90
        1
176
     1
 40
1.0
176
     1
 90
        0
176
     1
 62
   257
176
     1
 40
1.0
176
     1
 90
        1
176
     1
 90
        6
176
     1
 90
        2
176
     1
 62
     7
176
     1
 90
        3
176
     1
 90
        0
176
     1
 90
        0
176
     1
290
     0
176
     1
 90
        1
176
     1
 40
0.0
176
     1
 90
        0
176
     1
290
     0
176
     1
290
     1
176
     1
290
     1
176
     1
290
     0
176
     1
290
     0
176
     1
290
     0
176
     1
290
     0
176
     1
290
     0
176
     1
290
     0
176
     1
 90
       50
176
     1
 40
0.0
176
     1
 40
1.0
176
     1
 90
        0
176
     1
 62
    18
420
        0
176
     1
 90
       50
176
     1
 90
        3
176
     1
 62
     5
420
      255
176
     1
290
     0
176
     1
 90
       50
176
     1
 90
       50
176
     1
 90
       50
176
     1
290
     0
176
     1
 90
       50
176
     1
 62
   256
176
     0
 40
1.0
176
     0
 90
        2
176
     1
  1
strokes_ogs.tif
176
     1
290
     0
176
     1
 40
1.0
176
     1
 40
1.0
176
     1
1001
ACAD
1000
AcDbSavedByObjectVersion
1070
     0
  0
VISUALSTYLE
  5
389
102
{ACAD_REACTORS
330
376
102
}
330
376
100
AcDbVisualStyle
  2
X-Ray
 70
    25
177
     3
291
     0
 70
    58
 90
        2
176
     1
 90
        2
176
     1
 90
        1
176
     1
 90
        1
176
     1
 40
0.5
176
     1
 40
30.0
176
     1
 62
     7
420
 16777215
176
     1
 90
        1
176
     1
 90
        0
176
     1
 62
     7
176
     1
 62
   257
176
     1
 90
        1
176
     1
 90
        1
176
     1
 40
1.0
176
     1
 90
        8
176
     1
 62
     7
176
     1
 40
1.0
176
     1
 90
        1
176
     1
 90
        6
176
     1
 90
        2
176
     1
 62
     7
176
     1
 90
        3
176
     1
 90
        0
176
     1
 90
        0
176
     1
290
     0
176
     1
 90
       13
176
     1
 40
0.0
176
     1
 90
        0
176
     1
290
     0
176
     1
290
     1
176
     1
290
     1
176
     1
290
     0
176
     1
290
     0
176
     1
290
     0
176
     1
290
     0
176
     1
290
     0
176
     1
290
     0
176
     1
 90
       50
176
     1
 40
0.0
176
     1
 40
1.0
176
     1
 90
        0
176
     1
 62
    18
420
        0
176
     1
 90
       50
176
     1
 90
        3
176
     1
 62
     5
420
      255
176
     1
290
     0
176
     1
 90
       50
176
     1
 90
       50
176
     1
 90
       50
176
     1
290
     0
176
     1
 90
       50
176
     1
 62
   256
176
     0
 40
1.0
176
     0
 90
        2
176
     1
  1
strokes_ogs.tif
176
     1
290
     0
176
     1
 40
1.0
176
     1
 40
1.0
176
     1
1001
ACAD
1000
AcDbSavedByObjectVersion
1070
     0
  0
DICTIONARYVAR
  5
59F
102
{ACAD_REACTORS
330
599
102
}
330
599
100
DictionaryVariables
280
     0
  1
1:1
  0
DICTIONARYVAR
  5
59B
102
{ACAD_REACTORS
330
599
102
}
330
599
100
DictionaryVariables
280
     0
  1
STANDARD
  0
DICTIONARYVAR
  5
59A
102
{ACAD_REACTORS
330
599
102
}
330
599
100
DictionaryVariables
280
     0
  1
STANDARD
  0
DICTIONARYVAR
  5
59C
102
{ACAD_REACTORS
330
599
102
}
330
599
100
DictionaryVariables
280
     0
  1
Metric50
  0
DICTIONARYVAR
  5
59D
102
{ACAD_REACTORS
330
599
102
}
330
599
100
DictionaryVariables
280
     0
  1
Metric50
  0
DICTIONARYVAR
  5
5A1
102
{ACAD_REACTORS
330
599
102
}
330
599
100
DictionaryVariables
280
     0
  1
1
  0
DICTIONARYVAR
  5
5A2
102
{ACAD_REACTORS
330
599
102
}
330
599
100
DictionaryVariables
280
     0
  1
15
  0
DICTIONARYVAR
  5
5A0
102
{ACAD_REACTORS
330
599
102
}
330
599
100
DictionaryVariables
280
     0
  1
0
  0
DICTIONARYVAR
  5
59E
102
{ACAD_REACTORS
330
599
102
}
330
599
100
DictionaryVariables
280
     0
  1
0
  0
DICTIONARY
  5
6A3
102
{ACAD_REACTORS
330
6A1
102
}
330
6A1
100
AcDbDictionary
281
     1
  0
DICTIONARY
  5
6A2
102
{ACAD_REACTORS
330
6A1
102
}
330
6A1
100
AcDbDictionary
281
     1
  3
2582496169408
350
69C
  3
2582496169424
350
69D
  3
2582496169440
350
69E
  3
2582496169456
350
69F
  3
2582496169472
350
6A0
  0
DICTIONARY
  5
6A6
330
397
100
AcDbDictionary
280
     1
281
     1
  3
ACAD_XREC_ROUNDTRIP
360
6A7
  0
DICTIONARY
  5
367
330
366
100
AcDbDictionary
280
     1
281
     1
  3
BUMPTILE
360
369
  3
DIFFUSETILE
360
368
  3
OPACITYTILE
360
36C
  3
REFLECTIONTILE
360
36B
  3
REFRACTIONTILE
360
36D
  3
SPECULARTILE
360
36A
  0
DICTIONARY
  5
35F
330
35E
100
AcDbDictionary
280
     1
281
     1
  3
BUMPTILE
360
361
  3
DIFFUSETILE
360
360
  3
OPACITYTILE
360
364
  3
REFLECTIONTILE
360
363
  3
REFRACTIONTILE
360
365
  3
SPECULARTILE
360
362
  0
DICTIONARY
  5
36F
330
36E
100
AcDbDictionary
280
     1
281
     1
  3
BUMPTILE
360
371
  3
DIFFUSETILE
360
370
  3
OPACITYTILE
360
374
  3
REFLECTIONTILE
360
373
  3
REFRACTIONTILE
360
375
  3
SPECULARTILE
360
372
  0
DICTIONARY
  5
6A4
330
395
100
AcDbDictionary
280
     1
281
     1
  3
ACAD_XREC_ROUNDTRIP
360
6A5
  0
DICTIONARY
  5
699
330
391
100
AcDbDictionary
280
     1
281
     1
  3
ACAD_ROUNDTRIP_2008_TABLESTYLE_CELLSTYLEMAP
360
69A
  0
XRECORD
  5
69C
102
{ACAD_REACTORS
330
6A2
102
}
330
6A2
100
AcDbXrecord
280
     1
  1
AcDb_Thumbnail_Schema
102
{ATTRRECORD
341
69D
  2
AcDbDs::TreatedAsObjectData
280
     1
291
     1
102
ATTRRECORD}
102
{ATTRRECORD
341
69E
  2
AcDbDs::Legacy
280
     1
291
     1
102
ATTRRECORD}
  2
AcDbDs::ID
280
    10
 91
        8
102
{ATTRRECORD
341
69F
  2
AcDs:Indexable
280
     1
291
     1
102
ATTRRECORD}
102
{ATTRRECORD
341
6A0
  2
AcDbDs::HandleAttribute
280
     7
282
     1
102
ATTRRECORD}
  2
Thumbnail_Data
280
    15
 91
        0
  0
XRECORD
  5
69D
102
{ACAD_REACTORS
330
6A2
102
}
330
6A2
100
AcDbXrecord
280
     1
  1
AcDbDs::TreatedAsObjectDataSchema
  2
AcDbDs::TreatedAsObjectData
280
     1
 91
        0
  0
XRECORD
  5
69E
102
{ACAD_REACTORS
330
6A2
102
}
330
6A2
100
AcDbXrecord
280
     1
  1
AcDbDs::LegacySchema
  2
AcDbDs::Legacy
280
     1
 91
        0
  0
XRECORD
  5
69F
102
{ACAD_REACTORS
330
6A2
102
}
330
6A2
100
AcDbXrecord
280
     1
  1
AcDbDs::IndexedPropertySchema
  2
AcDs:Indexable
280
     1
 91
        0
  0
XRECORD
  5
6A0
102
{ACAD_REACTORS
330
6A2
102
}
330
6A2
100
AcDbXrecord
280
     1
  1
AcDbDs::HandleAttributeSchema
  2
AcDbDs::HandleAttribute
280
     7
 91
        1
284
     1
  0
XRECORD
  5
6A7
102
{ACAD_REACTORS
330
6A6
102
}
330
6A6
100
AcDbXrecord
280
     1
102
DISPLAYNAME
  1
Metric50
102
FLAGS
 90
        0
  0
XRECORD
  5
369
102
{ACAD_REACTORS
330
367
102
}
330
367
100
AcDbXrecord
280
     1
270
     1
271
     1
  0
XRECORD
  5
368
102
{ACAD_REACTORS
330
367
102
}
330
367
100
AcDbXrecord
280
     1
270
     1
271
     1
  0
XRECORD
  5
36C
102
{ACAD_REACTORS
330
367
102
}
330
367
100
AcDbXrecord
280
     1
270
     1
271
     1
  0
XRECORD
  5
36B
102
{ACAD_REACTORS
330
367
102
}
330
367
100
AcDbXrecord
280
     1
270
     1
271
     1
  0
XRECORD
  5
36D
102
{ACAD_REACTORS
330
367
102
}
330
367
100
AcDbXrecord
280
     1
270
     1
271
     1
  0
XRECORD
  5
36A
102
{ACAD_REACTORS
330
367
102
}
330
367
100
AcDbXrecord
280
     1
270
     1
271
     1
  0
XRECORD
  5
361
102
{ACAD_REACTORS
330
35F
102
}
330
35F
100
AcDbXrecord
280
     1
270
     1
271
     1
  0
XRECORD
  5
360
102
{ACAD_REACTORS
330
35F
102
}
330
35F
100
AcDbXrecord
280
     1
270
     1
271
     1
  0
XRECORD
  5
364
102
{ACAD_REACTORS
330
35F
102
}
330
35F
100
AcDbXrecord
280
     1
270
     1
271
     1
  0
XRECORD
  5
363
102
{ACAD_REACTORS
330
35F
102
}
330
35F
100
AcDbXrecord
280
     1
270
     1
271
     1
  0
XRECORD
  5
365
102
{ACAD_REACTORS
330
35F
102
}
330
35F
100
AcDbXrecord
280
     1
270
     1
271
     1
  0
XRECORD
  5
362
102
{ACAD_REACTORS
330
35F
102
}
330
35F
100
AcDbXrecord
280
     1
270
     1
271
     1
  0
XRECORD
  5
371
102
{ACAD_REACTORS
330
36F
102
}
330
36F
100
AcDbXrecord
280
     1
270
     1
271
     1
  0
XRECORD
  5
370
102
{ACAD_REACTORS
330
36F
102
}
330
36F
100
AcDbXrecord
280
     1
270
     1
271
     1
  0
XRECORD
  5
374
102
{ACAD_REACTORS
330
36F
102
}
330
36F
100
AcDbXrecord
280
     1
270
     1
271
     1
  0
XRECORD
  5
373
102
{ACAD_REACTORS
330
36F
102
}
330
36F
100
AcDbXrecord
280
     1
270
     1
271
     1
  0
XRECORD
  5
375
102
{ACAD_REACTORS
330
36F
102
}
330
36F
100
AcDbXrecord
280
     1
270
     1
271
     1
  0
XRECORD
  5
372
102
{ACAD_REACTORS
330
36F
102
}
330
36F
100
AcDbXrecord
280
     1
270
     1
271
     1
  0
XRECORD
  5
6A5
102
{ACAD_REACTORS
330
6A4
102
}
330
6A4
100
AcDbXrecord
280
     1
102
DISPLAYNAME
  1
Metric50
102
FLAGS
 90
        0
  0
CELLSTYLEMAP
  5
69A
102
{ACAD_REACTORS
330
699
102
}
330
699
100
AcDbCellStyleMap
 90
        3
300
CELLSTYLE
  1
TABLEFORMAT_BEGIN
 90
        5
170
     1
 91
        0
 92
    32768
 62
   257
 93
        1
300
CONTENTFORMAT
  1
CONTENTFORMAT_BEGIN
 90
        0
 91
        0
 92
      512
 93
        0
300

 40
0.0
140
1.0
 94
        5
 62
     0
340
11
144
6.0
309
CONTENTFORMAT_END
171
     1
301
MARGIN
  1
CELLMARGIN_BEGIN
 40
1.5
 40
1.5
 40
1.5
 40
1.5
 40
4.5
 40
4.5
309
CELLMARGIN_END
 94
        6
 95
        1
302
GRIDFORMAT
  1
GRIDFORMAT_BEGIN
 90
        0
 91
        1
 62
     0
 92
       -2
340
0
 93
        0
 40
1.125
309
GRIDFORMAT_END
 95
        2
302
GRIDFORMAT
  1
GRIDFORMAT_BEGIN
 90
        0
 91
        1
 62
     0
 92
       -2
340
0
 93
        0
 40
1.125
309
GRIDFORMAT_END
 95
        4
302
GRIDFORMAT
  1
GRIDFORMAT_BEGIN
 90
        0
 91
        1
 62
     0
 92
       -2
340
0
 93
        0
 40
1.125
309
GRIDFORMAT_END
 95
        8
302
GRIDFORMAT
  1
GRIDFORMAT_BEGIN
 90
        0
 91
        1
 62
     0
 92
       -2
340
0
 93
        0
 40
1.125
309
GRIDFORMAT_END
 95
       16
302
GRIDFORMAT
  1
GRIDFORMAT_BEGIN
 90
        0
 91
        1
 62
     0
 92
       -2
340
0
 93
        0
 40
1.125
309
GRIDFORMAT_END
 95
       32
302
GRIDFORMAT
  1
GRIDFORMAT_BEGIN
 90
        0
 91
        1
 62
     0
 92
       -2
340
0
 93
        0
 40
1.125
309
GRIDFORMAT_END
309
TABLEFORMAT_END
  1
CELLSTYLE_BEGIN
 90
        1
 91
        1
300
_TITLE
309
CELLSTYLE_END
300
CELLSTYLE
  1
TABLEFORMAT_BEGIN
 90
        5
170
     1
 91
        0
 92
        0
 62
   257
 93
        1
300
CONTENTFORMAT
  1
CONTENTFORMAT_BEGIN
 90
        0
 91
        0
 92
      512
 93
        0
300

 40
0.0
140
1.0
 94
        5
 62
     0
340
11
144
4.5
309
CONTENTFORMAT_END
171
     1
301
MARGIN
  1
CELLMARGIN_BEGIN
 40
1.5
 40
1.5
 40
1.5
 40
1.5
 40
4.5
 40
4.5
309
CELLMARGIN_END
 94
        6
 95
        1
302
GRIDFORMAT
  1
GRIDFORMAT_BEGIN
 90
        0
 91
        1
 62
     0
 92
       -2
340
0
 93
        0
 40
1.125
309
GRIDFORMAT_END
 95
        2
302
GRIDFORMAT
  1
GRIDFORMAT_BEGIN
 90
        0
 91
        1
 62
     0
 92
       -2
340
0
 93
        0
 40
1.125
309
GRIDFORMAT_END
 95
        4
302
GRIDFORMAT
  1
GRIDFORMAT_BEGIN
 90
        0
 91
        1
 62
     0
 92
       -2
340
0
 93
        0
 40
1.125
309
GRIDFORMAT_END
 95
        8
302
GRIDFORMAT
  1
GRIDFORMAT_BEGIN
 90
        0
 91
        1
 62
     0
 92
       -2
340
0
 93
        0
 40
1.125
309
GRIDFORMAT_END
 95
       16
302
GRIDFORMAT
  1
GRIDFORMAT_BEGIN
 90
        0
 91
        1
 62
     0
 92
       -2
340
0
 93
        0
 40
1.125
309
GRIDFORMAT_END
 95
       32
302
GRIDFORMAT
  1
GRIDFORMAT_BEGIN
 90
        0
 91
        1
 62
     0
 92
       -2
340
0
 93
        0
 40
1.125
309
GRIDFORMAT_END
309
TABLEFORMAT_END
  1
CELLSTYLE_BEGIN
 90
        2
 91
        1
300
_HEADER
309
CELLSTYLE_END
300
CELLSTYLE
  1
TABLEFORMAT_BEGIN
 90
        5
170
     1
 91
        0
 92
        0
 62
   257
 93
        1
300
CONTENTFORMAT
  1
CONTENTFORMAT_BEGIN
 90
        0
 91
        0
 92
      512
 93
        0
300

 40
0.0
140
1.0
 94
        2
 62
     0
340
11
144
4.5
309
CONTENTFORMAT_END
171
     1
301
MARGIN
  1
CELLMARGIN_BEGIN
 40
1.5
 40
1.5
 40
1.5
 40
1.5
 40
4.5
 40
4.5
309
CELLMARGIN_END
 94
        6
 95
        1
302
GRIDFORMAT
  1
GRIDFORMAT_BEGIN
 90
        0
 91
        1
 62
     0
 92
       -2
340
0
 93
        0
 40
1.125
309
GRIDFORMAT_END
 95
        2
302
GRIDFORMAT
  1
GRIDFORMAT_BEGIN
 90
        0
 91
        1
 62
     0
 92
       -2
340
0
 93
        0
 40
1.125
309
GRIDFORMAT_END
 95
        4
302
GRIDFORMAT
  1
GRIDFORMAT_BEGIN
 90
        0
 91
        1
 62
     0
 92
       -2
340
0
 93
        0
 40
1.125
309
GRIDFORMAT_END
 95
        8
302
GRIDFORMAT
  1
GRIDFORMAT_BEGIN
 90
        0
 91
        1
 62
     0
 92
       -2
340
0
 93
        0
 40
1.125
309
GRIDFORMAT_END
 95
       16
302
GRIDFORMAT
  1
GRIDFORMAT_BEGIN
 90
        0
 91
        1
 62
     0
 92
       -2
340
0
 93
        0
 40
1.125
309
GRIDFORMAT_END
 95
       32
302
GRIDFORMAT
  1
GRIDFORMAT_BEGIN
 90
        0
 91
        1
 62
     0
 92
       -2
340
0
 93
        0
 40
1.125
309
GRIDFORMAT_END
309
TABLEFORMAT_END
  1
CELLSTYLE_BEGIN
 90
        3
 91
        2
300
_DATA
309
CELLSTYLE_END
  0
ENDSEC
  0
SECTION
  2
ACDSDATA
 70
     2
 71
     8
  0
ACDSSCHEMA
 90
        0
  1
AcDb_Thumbnail_Schema
  2
AcDbDs::ID
280
    10
 91
        8
  2
Thumbnail_Data
280
    15
 91
        0
101
ACDSRECORD
 95
        0
 90
        1
  2
AcDbDs::TreatedAsObjectData
280
     1
291
     1
101
ACDSRECORD
 95
        0
 90
        2
  2
AcDbDs::Legacy
280
     1
291
     1
101
ACDSRECORD
  1
AcDbDs::ID
 90
        3
  2
AcDs:Indexable
280
     1
291
     1
101
ACDSRECORD
  1
AcDbDs::ID
 90
        4
  2
AcDbDs::HandleAttribute
280
     7
282
     1
  0
ACDSSCHEMA
 90
        1
  1
AcDbDs::TreatedAsObjectDataSchema
  2
AcDbDs::TreatedAsObjectData
280
     1
 91
        0
  0
ACDSSCHEMA
 90
        2
  1
AcDbDs::LegacySchema
  2
AcDbDs::Legacy
280
     1
 91
        0
  0
ACDSSCHEMA
 90
        3
  1
AcDbDs::IndexedPropertySchema
  2
AcDs:Indexable
280
     1
 91
        0
  0
ACDSSCHEMA
 90
        4
  1
AcDbDs::HandleAttributeSchema
  2
AcDbDs::HandleAttribute
280
     7
 91
        1
284
     1
  0
ACDSRECORD
 90
        0
  2
AcDbDs::ID
280
    10
320
22
  2
Thumbnail_Data
280
    15
 94
     1811
310
89504E470D0A1A0A0000000D49484452000001000000007408030000005D681C3700000300504C5445212830FFFFFF2128300000000000000000000000000000000000000000000000000000330000660000990000CC0000FF0033000033330033660033990033CC0033FF0066000066330066660066990066CC0066FF0099
310
000099330099660099990099CC0099FF00CC0000CC3300CC6600CC9900CCCC00CCFF00FF0000FF3300FF6600FF9900FFCC00FFFF3300003300333300663300993300CC3300FF3333003333333333663333993333CC3333FF3366003366333366663366993366CC3366FF3399003399333399663399993399CC3399FF33CC00
310
33CC3333CC6633CC9933CCCC33CCFF33FF0033FF3333FF6633FF9933FFCC33FFFF6600006600336600666600996600CC6600FF6633006633336633666633996633CC6633FF6666006666336666666666996666CC6666FF6699006699336699666699996699CC6699FF66CC0066CC3366CC6666CC9966CCCC66CCFF66FF0066
310
FF3366FF6666FF9966FFCC66FFFF9900009900339900669900999900CC9900FF9933009933339933669933999933CC9933FF9966009966339966669966999966CC9966FF9999009999339999669999999999CC9999FF99CC0099CC3399CC6699CC9999CCCC99CCFF99FF0099FF3399FF6699FF9999FFCC99FFFFCC0000CC00
310
33CC0066CC0099CC00CCCC00FFCC3300CC3333CC3366CC3399CC33CCCC33FFCC6600CC6633CC6666CC6699CC66CCCC66FFCC9900CC9933CC9966CC9999CC99CCCC99FFCCCC00CCCC33CCCC66CCCC99CCCCCCCCCCFFCCFF00CCFF33CCFF66CCFF99CCFFCCCCFFFFFF0000FF0033FF0066FF0099FF00CCFF00FFFF3300FF3333
310
FF3366FF3399FF33CCFF33FFFF6600FF6633FF6666FF6699FF66CCFF66FFFF9900FF9933FF9966FF9999FF99CCFF99FFFFCC00FFCC33FFCC66FFCC99FFCCCCFFCCFFFFFF00FFFF33FFFF66FFFF99FFFFCCFFFFFF0000000D0D0D1A1A1A2828283535354343435050505D5D5D6B6B6B787878868686939393A1A1A1AEAEAEBB
310
BBBBC9C9C9D6D6D6E4E4E4F1F1F1FFFFFF0000000000000000000000000000000000000000000000000000000000002E4550F10000036A4944415478DAED9B4D8EE4200C857D21AFB87C561C2007A8558E3087188CC34F1120A5EAB43466DEA756D24A5156631EC6983411000000000000000000C0B3FC51E080657BF62CB6
310
1CF0B845B2E5002336E10038E097F081A7ED79530E901FFEA4E5678DBCDAB4E480DDEF0FE2776B0ED8450107919B722AE0BE5170A83505B067C1CD5A49E78297DCB45134138CED066340E81BDDF62D30B7E53406D87340622EEFA88021D988B920F8A2974CEF70F393397E1303A4D3628858AEC61C106092AB0F1A76036DBB
310
E880C1E7F238DA09AE5443D614408F29800C2AC0AB037C1CB89903C66B659CF76A48AEB61CE0F5EFF5F2DBB0FF69159829400DA5BBA929E0F36DB41A66050C3FF56A215E0D2B80BE8B01645A01750CF8360FB01C03DE5681D114C831603C05ECAE02551EF01305C43C20A601E6F2803A8BFD3E066423D614706E86A8DBBDBA
310
0AC2D56F7D27884AECED05F8DC0EF335D10D0FB857EAE26B4A2C4FD27678290568A763DFF9BCCB6D25054C6A82329E6544B928C68F2A034C261DE078B2CDCFFDE1AA80304C999D4D054C4A41E9E36DE36D4B453437B5B79603E29092F49DF526B360E60067CE01CEDF3828743C4F818D6E46D8A0036EFBA3BD3E63C09D074C
310
3A60ACE8A88EED2D086E34FB865B6A1994525F7100550E186E9A8C06C1E13258224049855502836590D652C09B00DE1C408B29E0E867C2CEE723A1EACA616D1CE4C2D63743DD987E5580EB757181CD504F01AE1703DC520A902A6E2988CC82C03404D82D88CC4B6261A8DB3CC0750460B92446AFFA70B49329B7996027D5CB
310
47636CB0284A6F657176CDDEB84481B4176804C071F9B77C34F6AA0F46B87919EA0CE95BD80772BCC685A3D930EBA6798DA3B1B01ED4E5EF520FA08DB7A419A6BAC511BF65F868ECE575A07DCE7AF2BB305A13EC548452B0285FD09167830A883180D3F17852C06D4D505B540A88B39F0DC6005905347A5731A0AC6EA52A4C
310
5555B86A916380D5554016EF3084E7F27D0D8275A2D33EAC83A0E60107DBCB03B87E4B8C9B334076F550B70FCF2343D94E67236CF0684CE67D13D5AE5B9DEECB846DCC0C7B81C3E86E50E3DEE88DD0C1F1785240FAB2EE06D9A20292BC69700A4CFD97A4524028D32418DBEDBD2C4DDDB8471F3DE7D6A13B5E975FE95CE003
310
655C0B08C652E1FFFC5F6600000000000000000000000000000000000000000000000000FE75FE02099FE81171DC8B790000000049454E44AE426082AE426082CFC719619D02A2BD00A502AA5FDBF0550554D980A9D6061C0A206ACE002B5CFA470B31011030342500E04542947D19127FEC454A9CFD9E20C08DEAC2BC4DCB
310
6030180C0683C1603018F0F1077A86352326D04A970000000049454E44AE426082
  0
ENDSEC
  0
EOF
